{"type":"FeatureCollection","features":[{"type":"Feature","properties":{"parcelId":"BH-0001","sourceId":"1","sourceName":"评价单元","areaMu":0.7},"geometry":{"type":"Polygon","coordinates":[[[120.5680843,30.1981259],[120.5684834,30.1974111],[120.5686064,30.1971965],[120.5686282,30.1971501],[120.5686105,30.1971022],[120.5685531,30.1970735],[120.568333,30.1969601],[120.5677713,30.1967551],[120.5671946,30.1965569],[120.5666779,30.1964339],[120.5664784,30.1963861],[120.5662789,30.1963287],[120.5657459,30.1961975],[120.5649874,30.1961237],[120.5644092,30.1960772],[120.563838,30.196136],[120.5629756,30.1962371],[120.5624754,30.1963232],[120.5614531,30.1965678],[120.5610499,30.1966635],[120.5608873,30.1966868],[120.5608025,30.196695],[120.5606508,30.1966676],[120.5606153,30.1966581],[120.5605784,30.1966772],[120.5604458,30.1969164],[120.5605224,30.1970093],[120.5604335,30.1971678],[120.5602969,30.1971624],[120.560249,30.1972075],[120.5601329,30.1974316],[120.5600509,30.1975833],[120.5599566,30.1977446],[120.5598841,30.1978648],[120.55985,30.1979291],[120.5598103,30.1979728],[120.5597789,30.1980357],[120.559783,30.1980712],[120.5598336,30.1980849],[120.5602313,30.1980029],[120.5606126,30.1979236],[120.5609242,30.1978662],[120.5612167,30.1978102],[120.5617059,30.1977213],[120.5620298,30.1976516],[120.5623606,30.197612],[120.5629469,30.1975724],[120.5633883,30.1975614],[120.5638776,30.1975724],[120.5643942,30.1975942],[120.5651377,30.1976598],[120.5654466,30.1976831],[120.5662433,30.1978607],[120.5665399,30.1979386],[120.5671344,30.1981286],[120.567457,30.1982557],[120.5676661,30.1983295],[120.5678014,30.1983869],[120.5678929,30.1984156],[120.5680843,30.1981259]]]}},{"type":"Feature","properties":{"parcelId":"BH-0002","sourceId":"2","sourceName":"评价单元","areaMu":0.7},"geometry":{"type":"Polygon","coordinates":[[[120.5380499,30.2115668],[120.5381206,30.2113967],[120.5382077,30.21141],[120.5382621,30.2112316],[120.5382262,30.2112029],[120.5382416,30.2111701],[120.5382836,30.2111886],[120.538382,30.2109641],[120.5383113,30.2109293],[120.538179,30.2108719],[120.5380745,30.2108493],[120.5379382,30.2108442],[120.5377096,30.210838],[120.5373416,30.2108421],[120.5367655,30.210835],[120.5364488,30.2108268],[120.5363053,30.2108483],[120.5362038,30.2108893],[120.5361147,30.2109487],[120.5360644,30.2110041],[120.5360398,30.2110277],[120.5359124,30.2112081],[120.535733,30.2114238],[120.5356391,30.2114815],[120.535481,30.2117036],[120.5353529,30.2118958],[120.5353422,30.2119769],[120.5354127,30.2120153],[120.5356177,30.212073],[120.5357992,30.2121477],[120.5360512,30.2121734],[120.5365829,30.2122652],[120.5366856,30.2122885],[120.5374082,30.2124186],[120.5376809,30.2125211],[120.5377188,30.2125088],[120.5377557,30.2124309],[120.5377834,30.212354],[120.5378326,30.2122403],[120.537892,30.2121101],[120.5379279,30.2120322],[120.5379997,30.2118292],[120.5380591,30.2117165],[120.5381206,30.2116078],[120.5380499,30.2115668]]]}},{"type":"Feature","properties":{"parcelId":"BH-0003","sourceId":"3","sourceName":"评价单元","areaMu":0.7},"geometry":{"type":"Polygon","coordinates":[[[120.5567955,30.2238718],[120.5566298,30.2238001],[120.5565444,30.2238701],[120.5563445,30.2237813],[120.5563342,30.2236753],[120.5558678,30.2235199],[120.5554732,30.2234447],[120.5552238,30.2234123],[120.5551913,30.2236053],[120.5552084,30.2239179],[120.5552665,30.2241896],[120.5553553,30.2244475],[120.5555159,30.224779],[120.5557192,30.225042],[120.5559533,30.2252556],[120.5562642,30.2254811],[120.5581998,30.2268683],[120.5593512,30.2276934],[120.5608375,30.2287407],[120.5611023,30.2289388],[120.5612065,30.2290123],[120.5613022,30.2290635],[120.5613619,30.2290499],[120.5614764,30.228879],[120.5618317,30.2283187],[120.5618249,30.2282572],[120.5617463,30.2281649],[120.5616079,30.2280966],[120.5614234,30.2279685],[120.5600465,30.2270169],[120.5593102,30.2265078],[120.5584953,30.2258962],[120.5574566,30.2251326],[120.5570774,30.224849],[120.5569919,30.2247841],[120.556927,30.2247157],[120.5568741,30.2246303],[120.5568536,30.2244749],[120.5568894,30.2242972],[120.5568963,30.2241452],[120.5569099,30.2240222],[120.5569304,30.2239675],[120.5567955,30.2238718]]]}},{"type":"Feature","properties":{"parcelId":"BH-0004","sourceId":"4","sourceName":"评价单元","areaMu":0.7},"geometry":{"type":"Polygon","coordinates":[[[120.5506303,30.2217942],[120.5507242,30.2215003],[120.5505944,30.2214218],[120.5505244,30.2215208],[120.550304,30.2214337],[120.5503091,30.2213244],[120.5496907,30.2210305],[120.5493181,30.2208843],[120.5492421,30.2210294],[120.5489415,30.2216171],[120.548962,30.2218358],[120.5489542,30.2218726],[120.5489561,30.2218779],[120.5492875,30.2223699],[120.551194,30.2251238],[120.5513529,30.2253595],[120.5514195,30.2253613],[120.5519816,30.2243567],[120.5519833,30.2243157],[120.5514913,30.2238083],[120.5509839,30.223248],[120.5509378,30.2231848],[120.5507704,30.2229285],[120.550673,30.2227611],[120.5505807,30.22258],[120.5505278,30.2223989],[120.5505209,30.2223135],[120.5506303,30.2217942]]]}},{"type":"Feature","properties":{"parcelId":"BH-0005","sourceId":"5","sourceName":"评价单元","areaMu":0.76},"geometry":{"type":"Polygon","coordinates":[[[120.5421449,30.2172171],[120.5424626,30.2167832],[120.5428333,30.2163048],[120.5432536,30.215818],[120.5436294,30.2153806],[120.5442615,30.2146118],[120.5446305,30.2141608],[120.5448595,30.2139131],[120.5452233,30.2135065],[120.5453993,30.2133579],[120.5457564,30.2132264],[120.5463611,30.213035],[120.5469146,30.212883],[120.5477363,30.2127087],[120.5484607,30.2125703],[120.5488075,30.2125054],[120.5491594,30.2124439],[120.5495165,30.2124012],[120.5499213,30.2124268],[120.5500836,30.2124559],[120.5502169,30.2125157],[120.5503228,30.2125447],[120.5503348,30.2125174],[120.5503023,30.2124627],[120.5503655,30.2123329],[120.5505005,30.2123517],[120.5506969,30.2120117],[120.5509652,30.2115197],[120.5512095,30.2111029],[120.55123,30.211055],[120.5512282,30.2110157],[120.5511821,30.2109747],[120.5510984,30.2109286],[120.5510181,30.2109184],[120.5508012,30.2109372],[120.5496463,30.2111592],[120.5487597,30.2113198],[120.5478816,30.2114787],[120.5471367,30.2116735],[120.5465832,30.2118631],[120.545606,30.2124029],[120.5445981,30.2129701],[120.5444973,30.2130367],[120.5442308,30.2133237],[120.5435867,30.214043],[120.5433544,30.2143112],[120.5414735,30.2166858],[120.5414256,30.2167507],[120.5414222,30.2168088],[120.5414564,30.2168549],[120.5417844,30.2170343],[120.5418134,30.2169506],[120.5419108,30.2169865],[120.5418835,30.2170719],[120.5421449,30.2172171]]]}},{"type":"Feature","properties":{"parcelId":"BH-0006","sourceId":"6","sourceName":"评价单元","areaMu":0.7},"geometry":{"type":"Polygon","coordinates":[[[120.5522958,30.2016433],[120.5526409,30.2013511],[120.5530133,30.2011871],[120.5533328,30.2010932],[120.5537667,30.2010009],[120.5544347,30.2008591],[120.5549967,30.2007447],[120.5553538,30.2006866],[120.5555366,30.2006712],[120.5560935,30.2006627],[120.5563874,30.2006541],[120.5567102,30.2006456],[120.5569409,30.2006883],[120.5573167,30.2007481],[120.5574756,30.2007959],[120.5575029,30.2007634],[120.5575593,30.2006712],[120.5576379,30.2005072],[120.5577916,30.2001758],[120.5578907,30.1999981],[120.5579129,30.1999366],[120.5578805,30.1999127],[120.5577694,30.1998785],[120.5575046,30.1998204],[120.557245,30.1997965],[120.5568435,30.199829],[120.5563464,30.1998802],[120.5561362,30.1998836],[120.5555759,30.1999383],[120.5553777,30.2000015],[120.5550138,30.2000921],[120.5546773,30.2001724],[120.5542451,30.2002834],[120.5539051,30.2003756],[120.5534097,30.2004935],[120.5530185,30.2005994],[120.5524872,30.2007276],[120.5520088,30.2008933],[120.5517218,30.2010129],[120.5515236,30.2011735],[120.5514861,30.2012555],[120.55151,30.201293],[120.5516279,30.2013682],[120.551785,30.2014502],[120.5518926,30.2013648],[120.5520276,30.2014605],[120.5519951,30.2015835],[120.5522275,30.2017218],[120.5522958,30.2016433]]]}},{"type":"Feature","properties":{"parcelId":"BH-0007","sourceId":"7","sourceName":"评价单元","areaMu":0.7},"geometry":{"type":"Polygon","coordinates":[[[120.5885186,30.2331713],[120.5882709,30.2328531],[120.5881257,30.2326716],[120.5879613,30.2326011],[120.5878332,30.2325584],[120.587752,30.2326737],[120.5878246,30.2327506],[120.5877114,30.2329321],[120.5876111,30.232883],[120.5875897,30.2329108],[120.5874851,30.2332055],[120.5874381,30.2333187],[120.5874445,30.2333678],[120.5875278,30.2333977],[120.5876153,30.2334425],[120.5877072,30.2335642],[120.5878695,30.233765],[120.5879463,30.2338803],[120.5879698,30.234002],[120.5879891,30.234128],[120.5879955,30.2343351],[120.5879848,30.2345295],[120.5879677,30.2346533],[120.5879314,30.2347857],[120.5878609,30.2350804],[120.5877969,30.2353559],[120.5877349,30.2356442],[120.5876645,30.2359367],[120.587579,30.2361908],[120.5874659,30.2364984],[120.5873249,30.236855],[120.5871007,30.2374465],[120.5868957,30.2379483],[120.5867206,30.2383562],[120.5866394,30.2384993],[120.5864238,30.2389242],[120.5863298,30.2391549],[120.5862636,30.2393385],[120.5863319,30.2394047],[120.5865391,30.2395328],[120.5868402,30.2396951],[120.587137,30.2398702],[120.5871968,30.2398831],[120.5872694,30.239804],[120.5873634,30.2395884],[120.5875086,30.2392702],[120.5876111,30.2390694],[120.5878545,30.238606],[120.587972,30.2382387],[120.5881663,30.237643],[120.5882282,30.2373248],[120.5883008,30.2367696],[120.5884952,30.2354349],[120.5885571,30.2349822],[120.5885849,30.2348306],[120.5886361,30.2344483],[120.5886938,30.2341387],[120.5887151,30.2337714],[120.5886553,30.2334959],[120.5886019,30.2333251],[120.5885186,30.2331713]]]}},{"type":"Feature","properties":{"parcelId":"BH-0008","sourceId":"8","sourceName":"评价单元","areaMu":0.92},"geometry":{"type":"Polygon","coordinates":[[[120.5712543,30.2123087],[120.5713226,30.2122848],[120.571736,30.2124009],[120.5717839,30.2122472],[120.5718283,30.2117552],[120.5718454,30.211147],[120.5718044,30.2104124],[120.571818,30.2100844],[120.5719,30.2089398],[120.5719581,30.2082701],[120.5720504,30.207761],[120.5721836,30.2073202],[120.5723476,30.2069991],[120.5727542,30.2063601],[120.5728533,30.2060936],[120.5729968,30.2057212],[120.5733077,30.2047235],[120.5734752,30.204006],[120.573687,30.2030664],[120.5738544,30.2023694],[120.5738817,30.2020653],[120.5738817,30.2018432],[120.5737553,30.2010437],[120.5736562,30.2003501],[120.5734957,30.199882],[120.5732257,30.1993388],[120.5728772,30.1985632],[120.5724467,30.1977568],[120.5721905,30.1975176],[120.5717565,30.1972306],[120.570916,30.1967386],[120.5699149,30.1961305],[120.5696142,30.196684],[120.5696757,30.1967591],[120.5695698,30.1969334],[120.5694571,30.1968958],[120.5693136,30.1971862],[120.5696416,30.1973776],[120.5705436,30.1979345],[120.5713909,30.1984607],[120.571719,30.1988023],[120.572047,30.1993388],[120.5722759,30.1998854],[120.5723784,30.2005004],[120.5725014,30.2016211],[120.5726107,30.2028648],[120.5726586,30.2034662],[120.5726381,30.2039138],[120.572621,30.2041119],[120.572457,30.2046859],[120.5719855,30.2060595],[120.571695,30.2069137],[120.5713875,30.2077781],[120.5710493,30.2087553],[120.5707144,30.2096675],[120.5704377,30.2105354],[120.5701575,30.2114374],[120.5699867,30.2120285],[120.5699867,30.2121071],[120.5700379,30.212131],[120.5701678,30.2121891],[120.5702361,30.2120832],[120.5703523,30.2121378],[120.5702873,30.2122574],[120.5703249,30.2122916],[120.5704308,30.2123907],[120.570588,30.2124658],[120.5707896,30.2125342],[120.5709741,30.2125137],[120.5711108,30.2124556],[120.5712543,30.2123087]]]}},{"type":"Feature","properties":{"parcelId":"BH-0009","sourceId":"9","sourceName":"评价单元","areaMu":0.7},"geometry":{"type":"Polygon","coordinates":[[[120.5632321,30.2299826],[120.5621532,30.2294009],[120.5618483,30.2292548],[120.5617868,30.2292702],[120.5617381,30.2293701],[120.5617407,30.2294316],[120.561856,30.2295623],[120.5617125,30.2297238],[120.5615408,30.2296956],[120.5614434,30.2298442],[120.5612922,30.2300979],[120.5614075,30.2301789],[120.5616159,30.2302991],[120.562,30.230496],[120.5625617,30.230798],[120.5637215,30.2314304],[120.5648875,30.2320403],[120.5663302,30.2328116],[120.567245,30.2332908],[120.5681598,30.2337547],[120.5688158,30.2341057],[120.5691182,30.2342441],[120.5691977,30.2341134],[120.5693565,30.2338725],[120.5696051,30.2334113],[120.5691823,30.2331422],[120.5686083,30.2328373],[120.5666172,30.2317712],[120.5653128,30.2310845],[120.5638804,30.2303208],[120.5632321,30.2299826]]]}},{"type":"Feature","properties":{"parcelId":"BH-0010","sourceId":"10","sourceName":"评价单元","areaMu":0.7},"geometry":{"type":"Polygon","coordinates":[[[120.5481726,30.2232535],[120.5481419,30.2233118],[120.5479164,30.2235305],[120.5477798,30.223756],[120.5476499,30.2240293],[120.5475474,30.2242617],[120.5474928,30.2244188],[120.547477,30.2244555],[120.5500647,30.2275014],[120.5501091,30.2275526],[120.5501774,30.2275526],[120.5505054,30.2269752],[120.5507412,30.2265174],[120.5483984,30.2235218],[120.5481726,30.2232535]]]}},{"type":"Feature","properties":{"parcelId":"BH-0011","sourceId":"11","sourceName":"评价单元","areaMu":0.7},"geometry":{"type":"Polygon","coordinates":[[[120.5681871,30.235758],[120.5682875,30.2355936],[120.5684135,30.2356619],[120.568548,30.2353992],[120.5668952,30.2345066],[120.56508,30.2335371],[120.5634601,30.2326684],[120.5611087,30.2314312],[120.5606525,30.2311698],[120.5606286,30.2312057],[120.5606679,30.2312553],[120.560574,30.2313902],[120.5604151,30.2313321],[120.5603963,30.2313646],[120.5603672,30.2313526],[120.5603057,30.2314534],[120.5602613,30.2315525],[120.5602359,30.2315983],[120.5602249,30.2317254],[120.5602659,30.2318402],[120.560311,30.2319181],[120.5604026,30.2319905],[120.5606486,30.2321286],[120.5611761,30.2324238],[120.5617502,30.2327531],[120.5623406,30.2330825],[120.562998,30.2334611],[120.5635132,30.2337426],[120.5638658,30.2339435],[120.5643715,30.2342114],[120.5650234,30.2345818],[120.565566,30.234892],[120.566114,30.2351913],[120.5664926,30.23541],[120.5670379,30.235712],[120.5673194,30.2358747],[120.5676105,30.2360223],[120.567739,30.236081],[120.567821,30.2361207],[120.5679044,30.2361316],[120.5679877,30.236133],[120.5680588,30.236122],[120.568134,30.2360756],[120.5681914,30.2360291],[120.568246,30.2359539],[120.5683174,30.2358434],[120.5681871,30.235758]]]}},{"type":"Feature","properties":{"parcelId":"BH-0012","sourceId":"12","sourceName":"评价单元","areaMu":0.7},"geometry":{"type":"Polygon","coordinates":[[[120.5549514,30.2084551],[120.5542099,30.2076658],[120.553927,30.2074649],[120.5538768,30.2075172],[120.5537466,30.2077273],[120.5538512,30.2078616],[120.553722,30.2080625],[120.5535621,30.2080092],[120.5532456,30.2085655],[120.5531303,30.2087628],[120.5530992,30.2088748],[120.5532865,30.209073],[120.5535899,30.209427],[120.5537689,30.2096128],[120.5539575,30.2098274],[120.55406,30.2099545],[120.554101,30.2101376],[120.5541584,30.2105176],[120.5542377,30.2108852],[120.5543744,30.2115519],[120.5545089,30.2123164],[120.5545324,30.2124915],[120.5545174,30.2127969],[120.5544939,30.2130211],[120.5544619,30.2139479],[120.5544576,30.2140995],[120.5544,30.2146547],[120.5543316,30.2150476],[120.5542911,30.2154512],[120.5542056,30.2160855],[120.5541822,30.2164421],[120.5541266,30.2168649],[120.5540946,30.2169824],[120.5540754,30.2171319],[120.5540775,30.2173539],[120.5540498,30.2175632],[120.554022,30.2177746],[120.5540092,30.2179754],[120.5539942,30.2183576],[120.5539729,30.2187164],[120.5539814,30.2188765],[120.5540604,30.2190986],[120.554385,30.2198588],[120.554479,30.220083],[120.5545132,30.2201856],[120.5545452,30.2202752],[120.5545858,30.2203073],[120.5546477,30.2203051],[120.554684,30.2202774],[120.5547758,30.2201898],[120.5554891,30.2188808],[120.555346,30.218774],[120.5551858,30.2186758],[120.5550171,30.2184366],[120.5552204,30.2167193],[120.5557526,30.2125295],[120.5557509,30.2121383],[120.5555698,30.2099379],[120.5549514,30.2084551]]]}},{"type":"Feature","properties":{"parcelId":"BH-0013","sourceId":"13","sourceName":"评价单元","areaMu":0.7},"geometry":{"type":"Polygon","coordinates":[[[120.5228184,30.2118755],[120.5226944,30.2116613],[120.5226031,30.211693],[120.5225837,30.2117105],[120.5225068,30.2117279],[120.5224699,30.2116428],[120.5225632,30.2116121],[120.5226322,30.211595],[120.5225392,30.2114241],[120.5223684,30.2111658],[120.5221217,30.2108296],[120.5219201,30.2105823],[120.5217582,30.2104128],[120.5217185,30.2103875],[120.5216666,30.2103697],[120.5216277,30.2103527],[120.521519,30.210395],[120.5214367,30.2102601],[120.5212173,30.2100315],[120.521042,30.2098214],[120.5208401,30.2095672],[120.5207909,30.209602],[120.5207725,30.2095764],[120.5208053,30.2095354],[120.520754,30.2094708],[120.5207069,30.2094452],[120.5206669,30.2094718],[120.5205849,30.2095426],[120.5205193,30.2096153],[120.5203501,30.2099474],[120.5202579,30.2101576],[120.5201369,30.2104835],[120.5200539,30.2107142],[120.5199801,30.2109663],[120.5198961,30.2112912],[120.5198561,30.2114522],[120.5198264,30.2115413],[120.5197997,30.2117105],[120.5197864,30.2118181],[120.5197659,30.2119749],[120.5197649,30.212143],[120.5197567,30.2122835],[120.5197608,30.2123952],[120.519769,30.2125008],[120.5198048,30.2125336],[120.5199822,30.2125028],[120.5203245,30.2124249],[120.5206884,30.2123316],[120.5210215,30.2122619],[120.5213249,30.2122097],[120.5216786,30.2121389],[120.5220957,30.2120784],[120.5222362,30.2120549],[120.5224156,30.2120026],[120.5226267,30.2119616],[120.5227815,30.2119062],[120.5228184,30.2118755]]]}},{"type":"Feature","properties":{"parcelId":"BH-0014","sourceId":"14","sourceName":"评价单元","areaMu":0.7},"geometry":{"type":"Polygon","coordinates":[[[120.5367422,30.2319518],[120.536537,30.2323211],[120.5362129,30.232937],[120.5366874,30.2327837],[120.5370825,30.2326812],[120.5374113,30.2326385],[120.5377316,30.2326406],[120.5381182,30.2327133],[120.538684,30.2316797],[120.5386819,30.2316199],[120.5385922,30.2315452],[120.5384705,30.2314982],[120.5382121,30.2314982],[120.537533,30.2316968],[120.5367422,30.2319518]]]}},{"type":"Feature","properties":{"parcelId":"BH-0015","sourceId":"15","sourceName":"评价单元","areaMu":0.7},"geometry":{"type":"Polygon","coordinates":[[[120.5472233,30.1997526],[120.5473595,30.1996709],[120.547409,30.1996094],[120.5474122,30.1995834],[120.5471795,30.1994531],[120.5471346,30.1995428],[120.5470535,30.1994959],[120.5471047,30.1993955],[120.5467097,30.1991905],[120.5465965,30.1991307],[120.5464022,30.1991584],[120.5462484,30.1992396],[120.5459964,30.1993677],[120.5457743,30.19953],[120.5458192,30.1996304],[120.5456483,30.199703],[120.545533,30.199624],[120.5452084,30.1998098],[120.5447258,30.2001258],[120.544461,30.2003159],[120.5442539,30.200555],[120.544066,30.2008326],[120.5441566,30.2009224],[120.5443129,30.2009343],[120.544441,30.200948],[120.5445896,30.2009488],[120.5446947,30.2009198],[120.5447782,30.2008844],[120.5450793,30.2007691],[120.5453569,30.200658],[120.5458438,30.2004765],[120.5461641,30.2003762],[120.5462752,30.2003142],[120.5465976,30.2001861],[120.5468325,30.200043],[120.5472233,30.1997526]]]}},{"type":"Feature","properties":{"parcelId":"BH-0016","sourceId":"16","sourceName":"评价单元","areaMu":0.7},"geometry":{"type":"Polygon","coordinates":[[[120.5198004,30.2065878],[120.5197758,30.2064648],[120.519742,30.206471],[120.5197348,30.206431],[120.5197717,30.2064167],[120.5197307,30.2062639],[120.519704,30.2060722],[120.51958,30.2059298],[120.5194427,30.2060251],[120.5193883,30.2061153],[120.5193617,30.2062024],[120.5192889,30.2063306],[120.5191997,30.206552],[120.5191352,30.2067672],[120.5190624,30.2070491],[120.5190163,30.207334],[120.5189568,30.2076836],[120.5188707,30.2080833],[120.5187282,30.2085805],[120.5185796,30.2090458],[120.5184443,30.209463],[120.5183756,30.2096772],[120.5182905,30.2097674],[120.5181409,30.209913],[120.5180507,30.209994],[120.5180374,30.2100719],[120.5180386,30.2101025],[120.5182911,30.2110963],[120.5183002,30.2111282],[120.5183561,30.2111071],[120.5185253,30.2110364],[120.5186503,30.2109708],[120.5187528,30.2108909],[120.5188441,30.2107832],[120.5189619,30.2106346],[120.5190173,30.2105383],[120.5190532,30.2104224],[120.5191731,30.2100093],[120.519294,30.209584],[120.5194283,30.2091278],[120.5195595,30.2086994],[120.5196589,30.2084195],[120.5196825,30.2082545],[120.5197225,30.2081233],[120.5197686,30.2080495],[120.5198537,30.2080218],[120.5199808,30.2079983],[120.5200771,30.2079819],[120.5201192,30.2079173],[120.5201243,30.2078045],[120.5201274,30.2077656],[120.5199664,30.2077348],[120.5199398,30.2075739],[120.5199511,30.2075688],[120.5200546,30.2075145],[120.5200238,30.2074427],[120.5199736,30.2072572],[120.5199388,30.2070952],[120.5198978,30.2069415],[120.5198711,30.2067918],[120.5198004,30.2065878]]]}},{"type":"Feature","properties":{"parcelId":"BH-0017","sourceId":"17","sourceName":"评价单元","areaMu":0.7},"geometry":{"type":"Polygon","coordinates":[[[120.5453501,30.2042949],[120.5454307,30.2043634],[120.5451821,30.2043924],[120.544492,30.2047994],[120.5441183,30.2050642],[120.5434153,30.2056258],[120.5432768,30.2063871],[120.5432837,30.206381],[120.5436617,30.2060799],[120.5443856,30.2055781],[120.5446739,30.2054072],[120.54496,30.2052492],[120.5456092,30.2048776],[120.5460811,30.2046107],[120.5466065,30.2043075],[120.547388,30.203874],[120.5480457,30.203496],[120.5489918,30.2029963],[120.5497627,30.2025692],[120.5505976,30.2021229],[120.5509457,30.2019222],[120.5510909,30.2018111],[120.5511443,30.2017428],[120.55114,30.2017022],[120.5510845,30.2016595],[120.5509927,30.2015997],[120.5509393,30.201557],[120.5508496,30.2016083],[120.550683,30.2015058],[120.5507001,30.201431],[120.5506147,30.2014161],[120.5503819,30.2012901],[120.5502645,30.2014374],[120.550083,30.2015357],[120.5497199,30.2017684],[120.5493576,30.2019736],[120.5487467,30.2023457],[120.5483295,30.2026084],[120.5474561,30.2031038],[120.5468795,30.2034092],[120.5461406,30.2038363],[120.5453501,30.2042949]]]}},{"type":"Feature","properties":{"parcelId":"BH-0018","sourceId":"18","sourceName":"评价单元","areaMu":0.79},"geometry":{"type":"Polygon","coordinates":[[[120.5252261,30.2178455],[120.5250228,30.2177447],[120.5249511,30.2177464],[120.5249067,30.2177977],[120.5247854,30.2179924],[120.5247888,30.2180642],[120.5247529,30.2181222],[120.5246982,30.2181837],[120.5246572,30.2182077],[120.5246299,30.2182196],[120.5246043,30.2182555],[120.5245513,30.2183102],[120.5245189,30.2183853],[120.524524,30.2184195],[120.5245718,30.2184707],[120.5250211,30.2186553],[120.5254311,30.218862],[120.525889,30.2190875],[120.5261162,30.219313],[120.5266834,30.2198682],[120.527148,30.2203534],[120.5281867,30.2213716],[120.5285745,30.2218055],[120.5291349,30.2224222],[120.5295107,30.2228459],[120.5300301,30.2234165],[120.5303888,30.2238128],[120.5307988,30.2242672],[120.5312139,30.2247319],[120.5318204,30.2253913],[120.5320903,30.2256869],[120.5321091,30.2256664],[120.5322253,30.225405],[120.5323756,30.2250035],[120.5325909,30.2244159],[120.5325345,30.224368],[120.5323791,30.2242433],[120.5317299,30.2237001],[120.5310534,30.2231158],[120.530657,30.2227622],[120.5300693,30.222195],[120.529497,30.2216363],[120.5287932,30.2209479],[120.5283131,30.220461],[120.5277836,30.2199417],[120.5273291,30.2194855],[120.5269345,30.2190875],[120.5265501,30.2187424],[120.5260598,30.2182794],[120.5257677,30.2181342],[120.5252261,30.2178455]]]}},{"type":"Feature","properties":{"parcelId":"BH-0019","sourceId":"19","sourceName":"评价单元","areaMu":0.7},"geometry":{"type":"Polygon","coordinates":[[[120.5818603,30.1999614],[120.5817767,30.2001585],[120.5814668,30.2007089],[120.5806981,30.2018364],[120.580001,30.2029946],[120.5791374,30.2025517],[120.5791304,30.2025599],[120.5789049,30.202788],[120.578828,30.202893],[120.5787563,30.2030237],[120.5787025,30.2031442],[120.5787255,30.2032749],[120.5787281,30.2033774],[120.5787716,30.2033774],[120.5788562,30.2033748],[120.578951,30.2033543],[120.5791637,30.203303],[120.5793918,30.2032954],[120.5795302,30.2032544],[120.5799094,30.2032082],[120.5801503,30.2031749],[120.5805757,30.2030391],[120.5806859,30.2030109],[120.5807448,30.202952],[120.5807884,30.2028315],[120.5808089,30.2025086],[120.5808345,30.2024113],[120.5809242,30.2022268],[120.5810113,30.2020628],[120.5811932,30.2016809],[120.5814059,30.2012684],[120.581593,30.2008507],[120.5816827,30.2006508],[120.5817775,30.2003894],[120.5818416,30.2001716],[120.5818595,30.1999794],[120.5818603,30.1999614]]]}},{"type":"Feature","properties":{"parcelId":"BH-0020","sourceId":"20","sourceName":"评价单元","areaMu":0.7},"geometry":{"type":"Polygon","coordinates":[[[120.5448657,30.2016237],[120.5450789,30.2015253],[120.5453905,30.2013951],[120.5456591,30.2012834],[120.5458846,30.2011942],[120.5460998,30.2011142],[120.5462874,30.2010353],[120.5465334,30.2009441],[120.5467015,30.2008662],[120.546803,30.200818],[120.5471228,30.200694],[120.5474918,30.2005208],[120.5476958,30.2004183],[120.5478864,30.2003106],[120.5480105,30.2001835],[120.5481529,30.1999826],[120.5480627,30.199918],[120.5479284,30.1998422],[120.5478926,30.1998514],[120.5478157,30.1999078],[120.5476968,30.1998309],[120.5476906,30.1997315],[120.5474959,30.199631],[120.5473616,30.1997704],[120.5471064,30.1999642],[120.5466759,30.2002563],[120.5461736,30.2004531],[120.5458343,30.2005823],[120.5453925,30.2007442],[120.5448893,30.200942],[120.5446166,30.2010497],[120.54455,30.2010568],[120.5440047,30.2010035],[120.543812,30.201392],[120.5439186,30.2014423],[120.5438765,30.2015294],[120.5437638,30.2014802],[120.5436828,30.2016965],[120.5436469,30.2018123],[120.5436059,30.2018195],[120.5435711,30.201883],[120.5435209,30.2019824],[120.5435034,30.2020521],[120.5435106,30.202086],[120.5435629,30.2020931],[120.5436172,30.2020993],[120.5437074,30.2021044],[120.5437792,30.2020931],[120.5438458,30.2020665],[120.5439832,30.2020091],[120.5442476,30.2019015],[120.5444577,30.2018184],[120.5447488,30.2016975],[120.5448657,30.2016237]]]}},{"type":"Feature","properties":{"parcelId":"BH-0021","sourceId":"21","sourceName":"评价单元","areaMu":0.7},"geometry":{"type":"Polygon","coordinates":[[[120.5608917,30.223222],[120.5607968,30.2231721],[120.5606175,30.2230935],[120.560532,30.223061],[120.5604757,30.2229773],[120.5604654,30.2227997],[120.5604842,30.2226237],[120.5605235,30.2220446],[120.5605594,30.2211084],[120.5605662,30.2207599],[120.5605525,30.2205856],[120.5605235,30.2202815],[120.5604518,30.2200014],[120.5603851,30.2197963],[120.560351,30.2196426],[120.5603014,30.2193539],[120.5602553,30.2190618],[120.5602211,30.2189268],[120.560081,30.2188465],[120.5598197,30.2187115],[120.5597394,30.2186774],[120.5597155,30.2186979],[120.559695,30.2187628],[120.5597052,30.2188807],[120.559683,30.2191335],[120.559683,30.2194444],[120.5596762,30.2198954],[120.5596813,30.2202388],[120.5597035,30.2207735],[120.5597342,30.2214381],[120.5597462,30.2216721],[120.5597616,30.2218139],[120.5598419,30.2220189],[120.5599563,30.2223282],[120.5600281,30.2225895],[120.5601357,30.2228629],[120.5602485,30.223155],[120.5603407,30.2233651],[120.5604278,30.2235291],[120.560556,30.2237717],[120.5605566,30.2237724],[120.5605899,30.2237355],[120.5607094,30.2235988],[120.5608205,30.2233597],[120.5608917,30.223222]]]}},{"type":"Feature","properties":{"parcelId":"BH-0022","sourceId":"22","sourceName":"评价单元","areaMu":0.7},"geometry":{"type":"Polygon","coordinates":[[[120.5830124,30.2248371],[120.5830735,30.2247343],[120.5831835,30.2247992],[120.583227,30.2248338],[120.583359,30.2245749],[120.5834538,30.2243674],[120.5834794,30.2242623],[120.5834896,30.2241444],[120.5834281,30.2240701],[120.5832385,30.2239317],[120.5823416,30.2233449],[120.5824467,30.223186],[120.5820726,30.2229144],[120.581209,30.2222994],[120.5806785,30.2219201],[120.5796919,30.2211129],[120.5788027,30.2204236],[120.5785849,30.2202827],[120.5784414,30.2203621],[120.5783082,30.2202647],[120.5783466,30.2201289],[120.5782928,30.2200572],[120.5781621,30.2199675],[120.5780289,30.2199034],[120.5778725,30.2198496],[120.5777162,30.2199085],[120.5777905,30.2200136],[120.5777009,30.2200674],[120.5776394,30.2199854],[120.5774805,30.2201545],[120.5789667,30.2214461],[120.5812628,30.223473],[120.5821417,30.2242495],[120.5830309,30.2250541],[120.5830796,30.2250413],[120.5831463,30.2249798],[120.583176,30.224926],[120.5831227,30.2249017],[120.5830124,30.2248371]]]}},{"type":"Feature","properties":{"parcelId":"BH-0023","sourceId":"23","sourceName":"评价单元","areaMu":1.22},"geometry":{"type":"Polygon","coordinates":[[[120.5598056,30.1935325],[120.5599423,30.1933822],[120.5600279,30.1934341],[120.5609275,30.192736],[120.5617612,30.1921654],[120.562014,30.1919878],[120.562219,30.1919024],[120.5626324,30.1918443],[120.562793,30.1918716],[120.5629263,30.1918921],[120.5630219,30.1917418],[120.5629092,30.1916734],[120.5629536,30.1915778],[120.5630766,30.191629],[120.5631449,30.1914787],[120.5630629,30.1913864],[120.563121,30.1912088],[120.5632782,30.1912327],[120.5642349,30.1895585],[120.564252,30.189497],[120.5642383,30.1894457],[120.5641871,30.1894218],[120.5635584,30.1895585],[120.5628955,30.1896507],[120.562629,30.1896712],[120.5624582,30.1897361],[120.56226,30.1899036],[120.5607088,30.1914582],[120.559308,30.1928249],[120.5588569,30.1924285],[120.5582146,30.1931187],[120.557849,30.193474],[120.5574527,30.1940276],[120.5570495,30.194523],[120.5567181,30.1948202],[120.5563559,30.1950628],[120.5553446,30.1954489],[120.5546475,30.1956915],[120.5537353,30.1960298],[120.5520235,30.1967199],[120.5517433,30.1968327],[120.5516989,30.1968805],[120.5517638,30.1970138],[120.5518834,30.1971915],[120.551962,30.1972735],[120.5520235,30.1973145],[120.5521636,30.1973179],[120.552495,30.1972051],[120.5539915,30.1967234],[120.5552796,30.1962997],[120.5563593,30.1959648],[120.5569026,30.1957769],[120.5571998,30.1956505],[120.557767,30.1953464],[120.5583786,30.1949364],[120.558792,30.1946631],[120.559489,30.1939592],[120.5597091,30.1937319],[120.5598056,30.1935325]]]}},{"type":"Feature","properties":{"parcelId":"BH-0024","sourceId":"24","sourceName":"评价单元","areaMu":0.7},"geometry":{"type":"Polygon","coordinates":[[[120.5912426,30.2291636],[120.5910222,30.2290637],[120.5907659,30.2290227],[120.5904482,30.2289893],[120.5901791,30.2289996],[120.5899946,30.2289714],[120.5899767,30.2290508],[120.5899331,30.2291508],[120.5897973,30.2290893],[120.589746,30.2292072],[120.5898229,30.2292635],[120.5897563,30.2294327],[120.5900638,30.229466],[120.5902073,30.2295275],[120.5903226,30.2297402],[120.5904661,30.2301784],[120.5904764,30.2304115],[120.5905404,30.2307908],[120.5905302,30.2310189],[120.5905942,30.2313033],[120.5907762,30.2318953],[120.5910606,30.2328178],[120.5911298,30.2330689],[120.5911324,30.233297],[120.5910606,30.233912],[120.5909889,30.2343732],[120.5909351,30.2346064],[120.5908941,30.2349114],[120.5908761,30.2350395],[120.5908992,30.2351087],[120.5909556,30.2351292],[120.5910273,30.235119],[120.5911016,30.2349421],[120.5912041,30.2348114],[120.5912913,30.2346449],[120.5914424,30.2345091],[120.5916346,30.2343809],[120.5917858,30.2342554],[120.5918704,30.233994],[120.5919345,30.2336993],[120.5919626,30.2333892],[120.5919498,30.2330305],[120.5918832,30.2325564],[120.5918448,30.2322002],[120.5918191,30.2318722],[120.5918371,30.2315519],[120.5918114,30.2311111],[120.5917884,30.2306729],[120.5917294,30.2303654],[120.591609,30.2298811],[120.591486,30.2295172],[120.5913861,30.2293302],[120.5912426,30.2291636]]]}},{"type":"Feature","properties":{"parcelId":"BH-0025","sourceId":"25","sourceName":"评价单元","areaMu":0.7},"geometry":{"type":"Polygon","coordinates":[[[120.537385,30.2222827],[120.5379558,30.2211442],[120.5359416,30.2221353],[120.535781,30.2224267],[120.5356058,30.2226604],[120.5355214,30.2228682],[120.5354629,30.223037],[120.5355084,30.2231344],[120.5355084,30.2233031],[120.5354814,30.223333],[120.5354823,30.2233325],[120.5359894,30.2230373],[120.5365374,30.222738],[120.5372208,30.2223663],[120.537385,30.2222827]]]}},{"type":"Feature","properties":{"parcelId":"BH-0026","sourceId":"26","sourceName":"评价单元","areaMu":0.7},"geometry":{"type":"Polygon","coordinates":[[[120.5379558,30.2211442],[120.537385,30.2222827],[120.5375187,30.2222146],[120.5384412,30.2217745],[120.539018,30.2215012],[120.5395715,30.2212169],[120.539745,30.2210775],[120.5399528,30.2208616],[120.5401838,30.2205705],[120.5412098,30.2187544],[120.5417766,30.2177536],[120.5417807,30.2176921],[120.5417182,30.2176378],[120.5415501,30.2175712],[120.5414076,30.2175117],[120.5412262,30.217439],[120.5410878,30.2173908],[120.5409371,30.217357],[120.5408644,30.2174584],[120.5389177,30.2204077],[120.5387115,30.220741],[120.5386432,30.2208059],[120.5379558,30.2211442]]]}},{"type":"Feature","properties":{"parcelId":"BH-0027","sourceId":"27","sourceName":"评价单元","areaMu":0.7},"geometry":{"type":"Polygon","coordinates":[[[120.5782197,30.2336395],[120.5783119,30.2334687],[120.5784486,30.2335609],[120.5786263,30.2331475],[120.5791456,30.2320883],[120.5790457,30.2320106],[120.5785631,30.2314596],[120.5778925,30.230913],[120.5773544,30.2304133],[120.5765429,30.2300033],[120.5750866,30.2293327],[120.5743605,30.2291363],[120.5727247,30.2287049],[120.572483,30.2291192],[120.5723293,30.2293959],[120.5720593,30.2299119],[120.5722199,30.2299905],[120.5727871,30.2302672],[120.5753736,30.2314357],[120.5765216,30.231979],[120.5768735,30.232225],[120.5771298,30.2324505],[120.5775432,30.2329083],[120.5780113,30.2334004],[120.5782197,30.2336395]]]}},{"type":"Feature","properties":{"parcelId":"BH-0028","sourceId":"28","sourceName":"评价单元","areaMu":0.7},"geometry":{"type":"Polygon","coordinates":[[[120.5532671,30.2021337],[120.5534286,30.2019928],[120.5536131,30.2018595],[120.5537899,30.201798],[120.5540846,30.2017442],[120.5545228,30.2016725],[120.5550404,30.2016007],[120.5554812,30.2015187],[120.5558784,30.2015546],[120.556291,30.2016033],[120.5568086,30.2017083],[120.5569188,30.2017212],[120.5569649,30.2016853],[120.5570187,30.2015367],[120.5571392,30.2012727],[120.5573416,30.2009242],[120.5573544,30.2008627],[120.5571699,30.2008243],[120.5569572,30.2007961],[120.5567291,30.2007551],[120.5563243,30.2007551],[120.5558143,30.2007628],[120.5553249,30.2007807],[120.5551199,30.200814],[120.5544895,30.200937],[120.5539411,30.2010498],[120.5532825,30.2011805],[120.5527828,30.2013752],[120.5525958,30.201488],[120.5524625,30.2016392],[120.5523882,30.2017109],[120.5524036,30.2017545],[120.5525343,30.201839],[120.5528699,30.2020773],[120.5529673,30.2019979],[120.5531006,30.2020902],[120.5530929,30.202226],[120.5531621,30.2022234],[120.5532671,30.2021337]]]}},{"type":"Feature","properties":{"parcelId":"BH-0029","sourceId":"29","sourceName":"评价单元","areaMu":0.7},"geometry":{"type":"Polygon","coordinates":[[[120.5270112,30.2249698],[120.5269324,30.2248369],[120.5258117,30.2230944],[120.5254027,30.2224951],[120.5238097,30.221567],[120.5230324,30.2211655],[120.5224118,30.2208519],[120.5223894,30.2208479],[120.5222335,30.2207774],[120.5220947,30.2206617],[120.5219754,30.2205765],[120.5218299,30.2206621],[120.521736,30.2207133],[120.5216036,30.2208329],[120.5214733,30.2209739],[120.5212299,30.2212288],[120.5212248,30.2212929],[120.5212965,30.2213416],[120.5216168,30.2213749],[120.5219884,30.2214287],[120.5223933,30.22148],[120.5227162,30.2215312],[120.5230083,30.2215978],[120.523244,30.2217106],[120.5236515,30.2219361],[120.5241153,30.222177],[120.5244356,30.2223487],[120.5246278,30.2225178],[120.5247995,30.2227407],[120.5250148,30.2230585],[120.5252403,30.2234531],[120.5254658,30.2238426],[120.525599,30.2241168],[120.5257502,30.2243961],[120.5259141,30.2247138],[120.526842,30.2251289],[120.5269958,30.2250093],[120.5270112,30.2249698]]]}},{"type":"Feature","properties":{"parcelId":"BH-0030","sourceId":"30","sourceName":"评价单元","areaMu":0.7},"geometry":{"type":"Polygon","coordinates":[[[120.5236286,30.2114682],[120.5239254,30.211385],[120.5242073,30.2113359],[120.5243653,30.2112974],[120.5246365,30.2112398],[120.524786,30.2112184],[120.5246942,30.2107934],[120.5245596,30.2103578],[120.5243781,30.2098047],[120.5239681,30.2086452],[120.523951,30.2086174],[120.5239041,30.208611],[120.5235667,30.2086815],[120.5228748,30.2088972],[120.5226847,30.208957],[120.522059,30.2092111],[120.5217964,30.2093328],[120.5215422,30.2094502],[120.5214782,30.2094908],[120.5214376,30.209525],[120.5214291,30.2095613],[120.5216127,30.2098133],[120.5218497,30.2101507],[120.5220206,30.2100866],[120.5221231,30.2102532],[120.5220547,30.2103728],[120.5222469,30.2105521],[120.5224498,30.2108169],[120.5227061,30.2111522],[120.5228342,30.2113465],[120.5228641,30.2114127],[120.522941,30.2114704],[120.5230157,30.2115238],[120.5230499,30.2115216],[120.5230392,30.2114768],[120.5231289,30.2114661],[120.5231609,30.2115323],[120.5234214,30.2115088],[120.5236286,30.2114682]]]}},{"type":"Feature","properties":{"parcelId":"BH-0031","sourceId":"31","sourceName":"评价单元","areaMu":0.7},"geometry":{"type":"Polygon","coordinates":[[[120.5516039,30.2010009],[120.5517543,30.2009001],[120.5518721,30.2008472],[120.5520276,30.2007908],[120.5523505,30.2006849],[120.5527212,30.2005875],[120.5530919,30.2005021],[120.5534285,30.2004166],[120.5543343,30.2001766],[120.5548532,30.2000357],[120.5552184,30.1999545],[120.55559,30.1998499],[120.5559509,30.1998072],[120.5563886,30.1997623],[120.5567581,30.1997431],[120.5572386,30.1997111],[120.5574393,30.1997218],[120.5576891,30.1997517],[120.5579155,30.1997901],[120.5580735,30.1998008],[120.5584643,30.1990235],[120.5584899,30.1989359],[120.5584686,30.1988761],[120.5584209,30.1988692],[120.5583706,30.1989446],[120.5581656,30.1988831],[120.5581419,30.1988704],[120.5580265,30.1988889],[120.5577703,30.1988932],[120.5572898,30.1989914],[120.5569844,30.1990982],[120.5564484,30.1992093],[120.5559658,30.1993139],[120.5554832,30.1994079],[120.5550326,30.1995061],[120.5544774,30.199615],[120.5538218,30.1997517],[120.5530979,30.1999353],[120.5524316,30.2001339],[120.5515817,30.2003838],[120.5513746,30.2004564],[120.5510671,30.2006891],[120.5508728,30.2009283],[120.5509155,30.2009582],[120.5511119,30.2010821],[120.5512025,30.2010009],[120.5513545,30.2010915],[120.5513272,30.2011922],[120.5513784,30.2012042],[120.551428,30.2011427],[120.5514878,30.2010795],[120.5516039,30.2010009]]]}},{"type":"Feature","properties":{"parcelId":"BH-0032","sourceId":"32","sourceName":"评价单元","areaMu":0.7},"geometry":{"type":"Polygon","coordinates":[[[120.5237911,30.2268833],[120.5237122,30.2268376],[120.5236234,30.2267146],[120.5236234,30.2266258],[120.523596,30.2265164],[120.5234799,30.2264344],[120.5232543,30.2263387],[120.5226359,30.2261184],[120.5225846,30.226105],[120.5226435,30.2261599],[120.5228997,30.2267258],[120.5238822,30.2288681],[120.524282,30.2297188],[120.5247757,30.2309267],[120.5250695,30.2316442],[120.5250764,30.2318355],[120.52509,30.2320063],[120.5265524,30.2323343],[120.5273314,30.2324847],[120.5274375,30.2324943],[120.5274364,30.2324479],[120.5273954,30.2320583],[120.5273954,30.2320332],[120.5272494,30.2318765],[120.5258144,30.2306123],[120.5251447,30.229642],[120.5248099,30.229109],[120.5243315,30.2283368],[120.5242495,30.2280839],[120.5237911,30.2268833]]]}},{"type":"Feature","properties":{"parcelId":"BH-0033","sourceId":"33","sourceName":"评价单元","areaMu":0.7},"geometry":{"type":"Polygon","coordinates":[[[120.5445507,30.2036153],[120.5440377,30.2031792],[120.5439799,30.203219],[120.5437872,30.2033434],[120.5436423,30.2034022],[120.543466,30.2034404],[120.5432296,30.2034937],[120.5430492,30.2034773],[120.5429166,30.2034459],[120.5428814,30.2034664],[120.5428336,30.2035279],[120.5424919,30.204107],[120.5423176,30.2044743],[120.5421348,30.2048399],[120.542046,30.2050176],[120.5419367,30.2052277],[120.5419503,30.2052619],[120.5419982,30.2052858],[120.5421195,30.2053183],[120.5422288,30.2053268],[120.5423159,30.2053234],[120.5423928,30.2053012],[120.5424902,30.2052636],[120.5425876,30.205197],[120.5427516,30.2050073],[120.542907,30.204857],[120.5430249,30.2047272],[120.5432812,30.2044555],[120.543669,30.204148],[120.5437967,30.2040431],[120.5439894,30.2039092],[120.5441138,30.203845],[120.5442259,30.2037848],[120.5445507,30.2036153]]]}},{"type":"Feature","properties":{"parcelId":"BH-0034","sourceId":"34","sourceName":"评价单元","areaMu":0.7},"geometry":{"type":"Polygon","coordinates":[[[120.5440377,30.2031792],[120.5445507,30.2036153],[120.5446031,30.203588],[120.5454887,30.2031179],[120.5464741,30.2026327],[120.5469319,30.2024072],[120.5474089,30.2021776],[120.5477602,30.2020068],[120.5480335,30.2018783],[120.5485993,30.2016022],[120.5489888,30.2014013],[120.5494261,30.2010378],[120.5495396,30.2009462],[120.5495683,30.2008847],[120.5495833,30.2008382],[120.5495792,30.2008164],[120.5495382,30.2007808],[120.5494863,30.2008328],[120.54934,30.2007234],[120.5493373,30.2006606],[120.5489259,30.2004501],[120.5487824,30.2006032],[120.5486977,30.2006865],[120.548423,30.2008587],[120.5481948,30.2009899],[120.5478463,30.2011813],[120.5475196,30.2013508],[120.5470317,30.2015817],[120.5467051,30.201728],[120.5462595,30.201948],[120.545885,30.202127],[120.545598,30.2022651],[120.5453452,30.2023826],[120.5450145,30.2025411],[120.5448204,30.2026655],[120.5444746,30.2028924],[120.5442163,30.2030564],[120.5440377,30.2031792]]]}},{"type":"Feature","properties":{"parcelId":"BH-0035","sourceId":"35","sourceName":"评价单元","areaMu":0.7},"geometry":{"type":"Polygon","coordinates":[[[120.5394313,30.208855],[120.5395065,30.208702],[120.539579,30.2087143],[120.5396869,30.2084874],[120.5397594,30.208322],[120.5396979,30.208292],[120.5396063,30.2082482],[120.5394245,30.2081922],[120.5386359,30.2080255],[120.5382642,30.2079585],[120.5373731,30.2077753],[120.5366433,30.2076305],[120.5363823,30.2075649],[120.5362196,30.2075143],[120.5354864,30.2083866],[120.5351943,30.2087812],[120.5352182,30.2088274],[120.5353087,30.2088666],[120.5354744,30.2088991],[120.5380209,30.2091325],[120.5384364,30.2091707],[120.5388245,30.2092085],[120.5390895,30.2092469],[120.5392455,30.2093115],[120.5393042,30.2092541],[120.5393903,30.2090819],[120.5394901,30.208907],[120.5394313,30.208855]]]}},{"type":"Feature","properties":{"parcelId":"BH-0036","sourceId":"36","sourceName":"评价单元","areaMu":0.7},"geometry":{"type":"Polygon","coordinates":[[[120.5818603,30.1999614],[120.5818698,30.199759],[120.5819031,30.1995694],[120.5819055,30.1994283],[120.5817586,30.1993],[120.5814258,30.1991406],[120.5810466,30.1989048],[120.5802163,30.1983718],[120.5788223,30.1974595],[120.5787671,30.1974387],[120.578607,30.1977055],[120.5785196,30.1978571],[120.5786256,30.1979371],[120.5787793,30.1980729],[120.5789356,30.1981984],[120.5791278,30.1983881],[120.5793969,30.1986725],[120.579648,30.1989467],[120.5798838,30.1992388],[120.5799581,30.1993439],[120.580099,30.1995668],[120.5801964,30.1997488],[120.5802349,30.199982],[120.5802502,30.2002741],[120.5802195,30.2005585],[120.5801759,30.2008251],[120.5801298,30.2010967],[120.5800299,30.2013273],[120.579912,30.2015733],[120.5797582,30.2018039],[120.5794892,30.2021294],[120.5793303,30.2023267],[120.5791374,30.2025517],[120.580001,30.2029946],[120.5806981,30.2018364],[120.5814668,30.2007089],[120.5817767,30.2001585],[120.5818603,30.1999614]]]}},{"type":"Feature","properties":{"parcelId":"BH-0037","sourceId":"37","sourceName":"评价单元","areaMu":0.7},"geometry":{"type":"Polygon","coordinates":[[[120.5690066,30.1964899],[120.5693073,30.1958831],[120.5691542,30.1958093],[120.5690681,30.1957601],[120.5681347,30.1954116],[120.5670126,30.1950262],[120.5661475,30.1948185],[120.5654737,30.1946873],[120.564543,30.194623],[120.5636041,30.1946422],[120.5623495,30.1946545],[120.5620105,30.1946668],[120.5619189,30.1946463],[120.5618287,30.1946121],[120.5617809,30.1946162],[120.5614748,30.1950959],[120.5614256,30.1951943],[120.5613709,30.1952681],[120.5613285,30.195387],[120.5613053,30.1954458],[120.5614312,30.1955763],[120.5613355,30.1957472],[120.5611544,30.1957164],[120.5610109,30.1959556],[120.5608332,30.1962767],[120.5607683,30.1963997],[120.560741,30.1964817],[120.5607478,30.1965432],[120.5608162,30.1965706],[120.5609221,30.1965877],[120.5612023,30.1965296],[120.5618583,30.196369],[120.5625382,30.1962084],[120.5633445,30.1960957],[120.5639596,30.1960239],[120.5643969,30.1959897],[120.5651964,30.1960478],[120.5656543,30.1960752],[120.5670654,30.1964237],[120.5677487,30.1966458],[120.5686166,30.196984],[120.5686813,30.197023],[120.5687114,30.1970353],[120.5687442,30.197023],[120.5690066,30.1964899]]]}},{"type":"Feature","properties":{"parcelId":"BH-0038","sourceId":"38","sourceName":"评价单元","areaMu":0.71},"geometry":{"type":"Polygon","coordinates":[[[120.5680904,30.2109591],[120.5693067,30.2083316],[120.5700994,30.2066642],[120.5710117,30.2047645],[120.5711791,30.2041905],[120.5712372,30.2033978],[120.571203,30.2030083],[120.5711074,30.2017407],[120.5709434,30.2010232],[120.5706529,30.2004116],[120.5702703,30.1998752],[120.5700892,30.1996941],[120.5695015,30.1991543],[120.5684833,30.1986042],[120.5681006,30.1993627],[120.56821,30.1994583],[120.5681006,30.1996394],[120.5679913,30.199595],[120.5677965,30.1999709],[120.5681075,30.2001929],[120.568251,30.2003638],[120.5685277,30.200661],[120.5691872,30.2013615],[120.5693307,30.2015118],[120.5695937,30.2018876],[120.5696587,30.2020721],[120.5697133,30.2025061],[120.5697646,30.2030152],[120.5698192,30.2034935],[120.569809,30.2040778],[120.5697851,30.2043955],[120.5694263,30.2049935],[120.5691427,30.2055743],[120.5683671,30.2068077],[120.567653,30.2079797],[120.5672123,30.2087382],[120.5666212,30.209811],[120.5666041,30.2099033],[120.5666349,30.2099443],[120.5677692,30.2107472],[120.5678922,30.2106481],[120.5680391,30.2107506],[120.5680084,30.2109078],[120.5680904,30.2109591]]]}},{"type":"Feature","properties":{"parcelId":"BH-0039","sourceId":"39","sourceName":"评价单元","areaMu":0.7},"geometry":{"type":"Polygon","coordinates":[[[120.5868056,30.2344823],[120.5867441,30.2344823],[120.5866595,30.2345335],[120.586557,30.2345745],[120.586557,30.2346488],[120.5864776,30.2347923],[120.5863956,30.234859],[120.5863366,30.2349333],[120.5858523,30.2358379],[120.5855294,30.2364016],[120.5851553,30.2370628],[120.5847607,30.2378033],[120.5846377,30.2380365],[120.584571,30.2382808],[120.5847487,30.2383492],[120.5847043,30.2384722],[120.58521,30.2387182],[120.5852407,30.2387079],[120.5853261,30.2386191],[120.58562,30.2381442],[120.5859207,30.2375121],[120.5865647,30.236171],[120.5869286,30.2354073],[120.587149,30.2349538],[120.5871618,30.2348974],[120.5871105,30.2347616],[120.5870439,30.2346642],[120.5869696,30.2345899],[120.5868543,30.2345258],[120.5868056,30.2344823]]]}},{"type":"Feature","properties":{"parcelId":"BH-0040","sourceId":"40","sourceName":"评价单元","areaMu":0.7},"geometry":{"type":"Polygon","coordinates":[[[120.5351967,30.2178967],[120.5328033,30.2165689],[120.5309719,30.2154892],[120.5289356,30.2143549],[120.5268435,30.213122],[120.5268449,30.2131249],[120.5267467,30.213253],[120.5266058,30.2131975],[120.5264776,30.2134537],[120.5267548,30.2136241],[120.5269598,30.2137283],[120.5274245,30.2139931],[120.5278875,30.214246],[120.5283521,30.2145142],[120.5286204,30.214685],[120.5290167,30.2149635],[120.5296146,30.2153752],[120.530216,30.2158074],[120.5308173,30.2162294],[120.5308944,30.2162819],[120.5318603,30.2168286],[120.534909,30.218522],[120.5349669,30.2185203],[120.5350028,30.2184767],[120.5350643,30.2182769],[120.5351566,30.2180155],[120.5351967,30.2178967]]]}},{"type":"Feature","properties":{"parcelId":"BH-0041","sourceId":"41","sourceName":"评价单元","areaMu":0.7},"geometry":{"type":"Polygon","coordinates":[[[120.5286742,30.2293345],[120.5285639,30.2292752],[120.5280898,30.2289857],[120.5279028,30.2288012],[120.5277259,30.2285654],[120.527544,30.2282169],[120.5269956,30.2271329],[120.5263806,30.2258773],[120.5260705,30.2252546],[120.5257702,30.2246391],[120.5247381,30.2240686],[120.524861,30.2243526],[120.5251557,30.2250188],[120.5254735,30.2257184],[120.5257733,30.2263924],[120.526027,30.2270253],[120.5264498,30.2281246],[120.5265292,30.2282861],[120.5265984,30.228404],[120.5269034,30.2287602],[120.5272672,30.2291676],[120.5275414,30.2294905],[120.5277469,30.2296796],[120.5277713,30.2295983],[120.527843,30.2293831],[120.5279865,30.2292908],[120.5283248,30.22926],[120.5286742,30.2293345]]]}},{"type":"Feature","properties":{"parcelId":"BH-0042","sourceId":"42","sourceName":"评价单元","areaMu":0.7},"geometry":{"type":"Polygon","coordinates":[[[120.556191,30.2056817],[120.5557588,30.2054271],[120.555412,30.2051726],[120.5553454,30.2051333],[120.5553198,30.2051658],[120.5552719,30.2052683],[120.5552173,30.2053844],[120.5553283,30.2054903],[120.5552326,30.2056424],[120.5550089,30.2055843],[120.5549935,30.2056202],[120.5550396,30.205668],[120.5549405,30.2058474],[120.5547492,30.2061634],[120.5549818,30.2064427],[120.5553022,30.2066912],[120.5559223,30.2071576],[120.556504,30.2075702],[120.5565988,30.2076804],[120.5567551,30.2078674],[120.5569242,30.2081493],[120.5569832,30.2083133],[120.5571164,30.2091769],[120.5571318,30.20951],[120.5571626,30.2108912],[120.5570806,30.2119983],[120.5570293,30.2123827],[120.5569652,30.2127875],[120.5566501,30.2146992],[120.5565373,30.2153245],[120.5565245,30.2154833],[120.5566091,30.2159343],[120.5566398,30.2161086],[120.5566911,30.2161573],[120.5568141,30.2162572],[120.5569524,30.2163546],[120.5570472,30.2163802],[120.5571011,30.216352],[120.5580671,30.2146172],[120.5578288,30.2143917],[120.5577494,30.2138459],[120.558102,30.2124126],[120.5584813,30.2108392],[120.5584778,30.2095118],[120.558212,30.2080956],[120.5581898,30.2079931],[120.5572878,30.2066367],[120.5572144,30.2065632],[120.5564832,30.2058713],[120.556191,30.2056817]]]}},{"type":"Feature","properties":{"parcelId":"BH-0043","sourceId":"43","sourceName":"评价单元","areaMu":0.7},"geometry":{"type":"Polygon","coordinates":[[[120.5231496,30.220074],[120.5231111,30.2200637],[120.5230496,30.2200689],[120.5228395,30.2201483],[120.5221695,30.2203994],[120.5221503,30.2204827],[120.5222036,30.2205767],[120.5223617,30.2206877],[120.5226072,30.2207753],[120.5229575,30.2208479],[120.5232799,30.2209312],[120.5238458,30.2211191],[120.5241512,30.2212878],[120.5245035,30.2214437],[120.5248239,30.2216038],[120.5249755,30.2216743],[120.5250673,30.2217747],[120.5252018,30.2219775],[120.5254175,30.2222914],[120.5256407,30.2226338],[120.5257743,30.2227116],[120.5270641,30.2233864],[120.527274,30.2235314],[120.5266296,30.2226626],[120.5252991,30.220923],[120.5252198,30.2208752],[120.5242591,30.2204532],[120.5240183,30.220361],[120.5237697,30.2202739],[120.523598,30.2202098],[120.5234032,30.2201509],[120.5233212,30.2201432],[120.5232264,30.2201047],[120.5231496,30.220074]]]}},{"type":"Feature","properties":{"parcelId":"BH-0044","sourceId":"44","sourceName":"评价单元","areaMu":0.7},"geometry":{"type":"Polygon","coordinates":[[[120.5703923,30.2318136],[120.5704756,30.2316065],[120.5705204,30.2316214],[120.5705567,30.231536],[120.5706656,30.2315958],[120.5706614,30.2314762],[120.5706037,30.2313737],[120.5705055,30.2313054],[120.5701425,30.2311132],[120.5696833,30.230889],[120.568716,30.230385],[120.5677572,30.2298832],[120.5668923,30.2294305],[120.5659164,30.228903],[120.5649021,30.2283713],[120.5641824,30.2280168],[120.5635524,30.2276474],[120.5632065,30.2275235],[120.5630378,30.2275598],[120.5629267,30.2276602],[120.5628477,30.2277947],[120.562852,30.2278694],[120.5629438,30.227972],[120.5628371,30.2280958],[120.5626684,30.2280745],[120.5626022,30.2281129],[120.5625808,30.2282004],[120.5625979,30.2282474],[120.5627559,30.2283179],[120.5632449,30.2285741],[120.5639988,30.2289735],[120.5645091,30.2292383],[120.5649277,30.2294561],[120.5657285,30.2298981],[120.5664097,30.2302483],[120.5674902,30.2308228],[120.5684533,30.2313182],[120.5690128,30.2316278],[120.5699118,30.2320955],[120.5702514,30.2322471],[120.5703176,30.2322151],[120.5704137,30.2320122],[120.57045,30.2319631],[120.570467,30.2318649],[120.5703923,30.2318136]]]}},{"type":"Feature","properties":{"parcelId":"BH-0045","sourceId":"45","sourceName":"评价单元","areaMu":0.7},"geometry":{"type":"Polygon","coordinates":[[[120.5573881,30.2224419],[120.5578394,30.2227105],[120.5588132,30.2231547],[120.5592941,30.2233541],[120.5591728,30.2230596],[120.5586261,30.2217292],[120.5586026,30.2213342],[120.5585556,30.2206786],[120.5585086,30.2198457],[120.5584723,30.2192948],[120.5584104,30.218383],[120.5583869,30.2181053],[120.558404,30.2179815],[120.5583848,30.2179217],[120.5581371,30.2177743],[120.5576246,30.2174562],[120.5574217,30.2173366],[120.5573662,30.2173216],[120.5573235,30.2173814],[120.5569818,30.2179132],[120.5566978,30.2183637],[120.5567661,30.2184534],[120.55667,30.2185901],[120.556559,30.2185751],[120.5564735,30.2186926],[120.5564223,30.2188271],[120.5563881,30.2189894],[120.5563134,30.2191346],[120.5563646,30.2191859],[120.5566978,30.2194592],[120.557048,30.2197262],[120.5571014,30.2198735],[120.5571334,30.220102],[120.5571313,30.2204415],[120.5572167,30.2211206],[120.5573064,30.2218018],[120.557364,30.222246],[120.5573881,30.2224419]]]}},{"type":"Feature","properties":{"parcelId":"BH-0046","sourceId":"46","sourceName":"评价单元","areaMu":0.7},"geometry":{"type":"Polygon","coordinates":[[[120.5656804,30.2019964],[120.5658533,30.2016782],[120.5658661,30.2016163],[120.5658213,30.2015629],[120.5657209,30.2014754],[120.5653195,30.2012234],[120.564429,30.2006639],[120.5636858,30.2002987],[120.5629641,30.2000895],[120.5623362,30.200098],[120.5618844,30.2000929],[120.5616127,30.2000946],[120.561377,30.2001014],[120.5607979,30.200221],[120.5599146,30.2003338],[120.559614,30.2003679],[120.5593457,30.2003543],[120.5589972,30.2003115],[120.5586675,30.2002893],[120.5583805,30.2002159],[120.5582302,30.2004756],[120.5582917,30.200634],[120.5581828,30.2007963],[120.5580312,30.2007835],[120.557918,30.2010355],[120.5577407,30.2013366],[120.557555,30.2016078],[120.5575165,30.2017167],[120.5575186,30.2017679],[120.5575827,30.2017871],[120.557651,30.2017871],[120.5577813,30.2018042],[120.5578774,30.2018021],[120.5581849,30.2018192],[120.5592377,30.201879],[120.5597054,30.2019003],[120.5605852,30.2019537],[120.5607496,30.2019772],[120.5618088,30.2021737],[120.5628487,30.2023659],[120.5630175,30.2024107],[120.5631114,30.202447],[120.5634232,30.2026541],[120.5641087,30.2031197],[120.5644418,30.2033546],[120.5646126,30.2034592],[120.5647643,30.2035233],[120.5648112,30.2035126],[120.5648646,30.2034656],[120.5648967,30.2033866],[120.5656804,30.2019964]]]}},{"type":"Feature","properties":{"parcelId":"BH-0047","sourceId":"47","sourceName":"评价单元","areaMu":0.7},"geometry":{"type":"Polygon","coordinates":[[[120.5745687,30.2312036],[120.5730756,30.2305169],[120.5720061,30.2300317],[120.5716132,30.230674],[120.5717021,30.2307458],[120.5715961,30.2309542],[120.5715039,30.2309166],[120.5714458,30.2310089],[120.5715312,30.2310499],[120.5714936,30.231149],[120.5714116,30.2311353],[120.571398,30.2312002],[120.5718387,30.231436],[120.5728262,30.231969],[120.5745038,30.2328949],[120.5758021,30.2336124],[120.5773123,30.2344803],[120.5775652,30.2345657],[120.5777497,30.2346511],[120.5778795,30.2345315],[120.5779991,30.2343607],[120.5779786,30.2342821],[120.5779034,30.2342206],[120.5779034,30.2339712],[120.5779308,30.2337628],[120.578023,30.2336295],[120.5774763,30.2329837],[120.5769536,30.2324166],[120.5765401,30.2321159],[120.5745687,30.2312036]]]}},{"type":"Feature","properties":{"parcelId":"BH-0048","sourceId":"48","sourceName":"评价单元","areaMu":0.7},"geometry":{"type":"Polygon","coordinates":[[[120.5628667,30.2024521],[120.5613018,30.202172],[120.5606014,30.2020438],[120.5594312,30.2019806],[120.5585001,30.2019242],[120.5579722,30.2019037],[120.5576169,30.2018901],[120.5575212,30.2018798],[120.5574734,30.2018696],[120.5574426,30.201861],[120.5574119,30.2018559],[120.5573743,30.2018559],[120.557323,30.2019242],[120.557282,30.2019994],[120.5572427,30.2020763],[120.5573282,30.2021873],[120.5572274,30.2023565],[120.5570719,30.2023291],[120.5569199,30.2025563],[120.5568362,30.2026811],[120.556831,30.2027357],[120.5568823,30.2027921],[120.5573845,30.2030398],[120.5577894,30.2032516],[120.5587564,30.2037915],[120.5597865,30.2043313],[120.5605689,30.2047567],[120.562074,30.2055887],[120.5630409,30.2061183],[120.5631007,30.2061883],[120.56314,30.2062208],[120.5631776,30.2062054],[120.5633536,30.2059304],[120.5639173,30.2049771],[120.5647032,30.2036804],[120.5637567,30.20298],[120.5630939,30.2025427],[120.5630221,30.2024931],[120.562976,30.2024709],[120.5628667,30.2024521]]]}},{"type":"Feature","properties":{"parcelId":"BH-0049","sourceId":"49","sourceName":"评价单元","areaMu":0.7},"geometry":{"type":"Polygon","coordinates":[[[120.5321896,30.2326446],[120.5313359,30.2324207],[120.5311914,30.2323807],[120.5311641,30.2323761],[120.5302108,30.2321711],[120.5301273,30.2321483],[120.5300589,30.2323502],[120.5301764,30.2324399],[120.5301315,30.2326001],[120.5300696,30.2325915],[120.5300226,30.2328627],[120.5303024,30.2329054],[120.5304326,30.2329759],[120.5306227,30.2330699],[120.5310049,30.2331403],[120.5318599,30.2333021],[120.5321896,30.2326446]]]}},{"type":"Feature","properties":{"parcelId":"BH-0050","sourceId":"50","sourceName":"评价单元","areaMu":0.7},"geometry":{"type":"Polygon","coordinates":[[[120.5362129,30.232937],[120.536537,30.2323211],[120.5367422,30.2319518],[120.5348291,30.2325687],[120.5347004,30.2327656],[120.5345877,30.2328989],[120.5344954,30.2329604],[120.5339624,30.2329706],[120.5336908,30.2328821],[120.53345,30.2329353],[120.532914,30.2328222],[120.5322072,30.2326492],[120.5321896,30.2326446],[120.5318599,30.2333021],[120.532709,30.2334628],[120.5335547,30.2336101],[120.5338024,30.2336913],[120.5339412,30.2337276],[120.5341611,30.2336529],[120.5343299,30.233529],[120.5346673,30.233371],[120.5353228,30.2331959],[120.5359998,30.2330058],[120.5362129,30.232937]]]}},{"type":"Feature","properties":{"parcelId":"BH-0051","sourceId":"51","sourceName":"评价单元","areaMu":0.7},"geometry":{"type":"Polygon","coordinates":[[[120.5713173,30.192819],[120.5713719,30.1927353],[120.5714573,30.19279],[120.5715782,30.1928639],[120.5716126,30.1928289],[120.5714866,30.1926111],[120.5716105,30.192532],[120.5718475,30.1926538],[120.571871,30.1926047],[120.5719052,30.1925513],[120.5719351,30.1924851],[120.5719393,30.1923719],[120.5719393,30.1922715],[120.5719223,30.1921733],[120.5718347,30.1920879],[120.5717279,30.192011],[120.5716083,30.1919384],[120.5713756,30.1918145],[120.5706944,30.1914344],[120.5696822,30.1908707],[120.5688258,30.1903859],[120.5683859,30.1901809],[120.5678585,30.1899652],[120.5675553,30.1898136],[120.5667673,30.189457],[120.5663274,30.1893139],[120.5656867,30.1890619],[120.565439,30.189],[120.5652767,30.1890256],[120.5651806,30.1891025],[120.5651123,30.1892541],[120.5652362,30.1893182],[120.5651934,30.1894143],[120.5650781,30.1893609],[120.5650034,30.1895189],[120.5657444,30.1899225],[120.5666754,30.1904179],[120.5675339,30.1909475],[120.5681788,30.1913447],[120.569033,30.1918551],[120.5698124,30.1923548],[120.5704381,30.1927477],[120.5711129,30.1931471],[120.5711898,30.1931684],[120.5712816,30.1931001],[120.5714888,30.1929549],[120.571401,30.1928771],[120.5713173,30.192819]]]}},{"type":"Feature","properties":{"parcelId":"BH-0052","sourceId":"52","sourceName":"评价单元","areaMu":0.8},"geometry":{"type":"Polygon","coordinates":[[[120.5699286,30.2118884],[120.5701643,30.2110855],[120.570506,30.209975],[120.5709092,30.208868],[120.5717702,30.2064216],[120.5723716,30.2046654],[120.5725321,30.2041188],[120.5725663,30.2036814],[120.5725663,30.203391],[120.5724501,30.202079],[120.5723066,30.200661],[120.572211,30.1999982],[120.5719855,30.1994105],[120.5716711,30.1988912],[120.5714251,30.198611],[120.5708989,30.1982488],[120.5700482,30.1977329],[120.5692623,30.1972648],[120.5688591,30.1979994],[120.5689206,30.1980746],[120.5688147,30.1982522],[120.5687054,30.1982249],[120.5685482,30.1985187],[120.56862,30.1985632],[120.56944,30.1989937],[120.5695972,30.1991064],[120.570301,30.1997351],[120.5706085,30.2001485],[120.5708579,30.2005859],[120.570998,30.2008831],[120.5710834,30.2011428],[120.5712167,30.20171],[120.5712679,30.2024446],[120.571326,30.2033261],[120.571285,30.204088],[120.5712782,30.2042315],[120.5711279,30.204785],[120.5705948,30.2058408],[120.5698363,30.2074535],[120.5693853,30.2084785],[120.5687737,30.2097222],[120.5682066,30.2109761],[120.5682271,30.2110376],[120.5685653,30.2112461],[120.5689616,30.211516],[120.5694947,30.2118167],[120.5695903,30.2117039],[120.5697372,30.2117825],[120.5696962,30.2120148],[120.5698568,30.2120729],[120.5699286,30.2118884]]]}},{"type":"Feature","properties":{"parcelId":"BH-0053","sourceId":"53","sourceName":"评价单元","areaMu":0.7},"geometry":{"type":"Polygon","coordinates":[[[120.5424876,30.2107256],[120.5426382,30.2098979],[120.5422725,30.2101258],[120.5418988,30.210365],[120.5416831,30.2105444],[120.5413222,30.2109395],[120.5407136,30.2116143],[120.5401243,30.2122677],[120.5394623,30.2130044],[120.5390117,30.2135191],[120.5383177,30.2143028],[120.5379375,30.214732],[120.5376834,30.2150993],[120.5376877,30.2151399],[120.5377091,30.215204],[120.5377731,30.2152381],[120.5382002,30.2154794],[120.5382386,30.2154688],[120.5382814,30.2154132],[120.5383433,30.2153257],[120.5385504,30.2150865],[120.5390245,30.2145505],[120.5398082,30.213613],[120.5405086,30.2127717],[120.5418198,30.2111872],[120.541886,30.2111316],[120.5420013,30.2110654],[120.542454,30.2107473],[120.5424876,30.2107256]]]}},{"type":"Feature","properties":{"parcelId":"BH-0054","sourceId":"54","sourceName":"评价单元","areaMu":1.14},"geometry":{"type":"Polygon","coordinates":[[[120.5426382,30.2098979],[120.5424876,30.2107256],[120.5430712,30.2103501],[120.544077,30.209718],[120.5446941,30.2093122],[120.5449589,30.2091435],[120.5458281,30.2086011],[120.5462124,30.2083513],[120.5471798,30.2077],[120.548318,30.206959],[120.548948,30.2065468],[120.5498982,30.205951],[120.5506905,30.2054428],[120.5508357,30.2053681],[120.5509489,30.2053382],[120.5510877,30.2053189],[120.5521255,30.2051972],[120.5532018,30.2050798],[120.55434,30.2049858],[120.5546539,30.2049943],[120.554797,30.2050435],[120.5548888,30.2050734],[120.5552305,30.204531],[120.5553095,30.2044114],[120.5553479,30.2042213],[120.555318,30.2041338],[120.5552796,30.2041017],[120.5552113,30.2041636],[120.5550789,30.204074],[120.5549486,30.2039843],[120.555034,30.203886],[120.5549678,30.2038476],[120.5546795,30.2036832],[120.5543229,30.203523],[120.5538424,30.2040035],[120.5537954,30.2040313],[120.5537228,30.204059],[120.5521447,30.2044754],[120.550872,30.2047893],[120.5504962,30.2048833],[120.5503659,30.2049303],[120.549469,30.2055111],[120.5484333,30.2061817],[120.5470794,30.2070465],[120.5458921,30.2078238],[120.5446557,30.2086182],[120.5434235,30.2094083],[120.5426382,30.2098979]]]}},{"type":"Feature","properties":{"parcelId":"BH-0055","sourceId":"55","sourceName":"评价单元","areaMu":0.7},"geometry":{"type":"Polygon","coordinates":[[[120.5810904,30.2283529],[120.5811822,30.2282312],[120.5813253,30.2282803],[120.5814876,30.2279557],[120.5817396,30.2274282],[120.5817844,30.2272916],[120.5817481,30.2272403],[120.5811331,30.2267726],[120.580659,30.2264203],[120.5795422,30.2255939],[120.5787777,30.2249596],[120.578184,30.2244001],[120.5771419,30.2233709],[120.5761788,30.2225167],[120.5760998,30.2224932],[120.5760272,30.2225658],[120.5759397,30.2227494],[120.5758307,30.2229523],[120.5756877,30.2232128],[120.5758243,30.2233345],[120.5757176,30.2235289],[120.5755595,30.2234648],[120.5753097,30.2238855],[120.5752478,30.2240179],[120.575267,30.2240884],[120.5753268,30.2241674],[120.5757282,30.2244727],[120.5766508,30.2251604],[120.5776523,30.2258971],[120.5785727,30.2265505],[120.5794696,30.2271762],[120.5802618,30.2277656],[120.5806227,30.2280646],[120.5808021,30.2282098],[120.5810562,30.2283977],[120.5811673,30.2284917],[120.5811801,30.228449],[120.5810904,30.2283529]]]}},{"type":"Feature","properties":{"parcelId":"BH-0056","sourceId":"56","sourceName":"评价单元","areaMu":0.7},"geometry":{"type":"Polygon","coordinates":[[[120.5608917,30.223222],[120.5608205,30.2233597],[120.5607094,30.2235988],[120.5605899,30.2237355],[120.5605566,30.2237724],[120.5606397,30.2238605],[120.5607268,30.2239443],[120.5609472,30.2240826],[120.5613965,30.2243919],[120.5621055,30.2249095],[120.5628435,30.2254374],[120.5631904,30.2256964],[120.5633201,30.2257415],[120.563479,30.2258798],[120.5636259,30.2257261],[120.5637182,30.2257688],[120.5637767,30.2256829],[120.5637674,30.2256318],[120.5634343,30.2253926],[120.5630926,30.2250851],[120.562768,30.2248459],[120.5626314,30.2246068],[120.5627339,30.2244359],[120.5627212,30.2242972],[120.5626504,30.2242689],[120.5625428,30.2242193],[120.5624232,30.2241373],[120.5620115,30.223864],[120.5616271,30.223618],[120.5613076,30.2234044],[120.5611505,30.2233412],[120.5609557,30.2232558],[120.5608917,30.223222]]]}},{"type":"Feature","properties":{"parcelId":"BH-0057","sourceId":"57","sourceName":"评价单元","areaMu":0.7},"geometry":{"type":"Polygon","coordinates":[[[120.559398,30.2233972],[120.5595136,30.2234451],[120.5604872,30.2238112],[120.5604812,30.2238007],[120.5602953,30.2234263],[120.5601491,30.2230901],[120.5600302,30.2227593],[120.5599126,30.2224382],[120.5597801,30.2220664],[120.559683,30.2218026],[120.5596612,30.2214022],[120.5596215,30.2204332],[120.5595983,30.2200478],[120.5595969,30.2196966],[120.5595935,30.2193913],[120.5596003,30.2188515],[120.5596106,30.218643],[120.5595525,30.2185713],[120.5586197,30.218028],[120.5585548,30.2180246],[120.558507,30.2181305],[120.5585172,30.2185405],[120.5585856,30.2199926],[120.5586539,30.2209903],[120.558684,30.2214924],[120.5587154,30.2217247],[120.5588589,30.2220828],[120.5590584,30.222568],[120.5593126,30.2231762],[120.559398,30.2233972]]]}},{"type":"Feature","properties":{"parcelId":"BH-0058","sourceId":"58","sourceName":"评价单元","areaMu":0.7},"geometry":{"type":"Polygon","coordinates":[[[120.5445371,30.229984],[120.5442674,30.2304254],[120.5440965,30.2307603],[120.5438642,30.2312044],[120.5437708,30.2314189],[120.5438361,30.2314463],[120.5439181,30.2315214],[120.5445007,30.2319741],[120.5452148,30.2325294],[120.5457511,30.2329363],[120.5461345,30.233254],[120.5464406,30.2334932],[120.5465937,30.233619],[120.5466511,30.2336695],[120.5466955,30.233688],[120.5467256,30.2336784],[120.5467358,30.2336606],[120.5467447,30.2336408],[120.5471224,30.2329071],[120.5471259,30.232878],[120.5471028,30.2328456],[120.5456763,30.2312615],[120.5445702,30.230008],[120.5445371,30.229984]]]}},{"type":"Feature","properties":{"parcelId":"BH-0059","sourceId":"59","sourceName":"评价单元","areaMu":0.7},"geometry":{"type":"Polygon","coordinates":[[[120.5613839,30.1944198],[120.5614559,30.1943115],[120.5609946,30.1940655],[120.5603591,30.193635],[120.5601415,30.193503],[120.5600317,30.1935886],[120.5596969,30.1938978],[120.5596164,30.1939804],[120.5594981,30.194414],[120.5589651,30.1952238],[120.5587704,30.1954698],[120.5586986,30.1957056],[120.5585039,30.1962078],[120.5584942,30.1962214],[120.5587812,30.1960572],[120.5590187,30.1958522],[120.5594304,30.1955037],[120.559591,30.1953448],[120.5601906,30.1946905],[120.5603085,30.1945949],[120.5605067,30.1943471],[120.5606194,30.1943215],[120.5608842,30.1943198],[120.561108,30.1943437],[120.561272,30.1943847],[120.561383,30.1944206],[120.5613839,30.1944198]]]}},{"type":"Feature","properties":{"parcelId":"BH-0060","sourceId":"60","sourceName":"评价单元","areaMu":0.7},"geometry":{"type":"Polygon","coordinates":[[[120.5817958,30.2270962],[120.581871,30.2269339],[120.582023,30.2269476],[120.5822929,30.2263702],[120.5822998,30.2262796],[120.5822041,30.2262045],[120.5821614,30.2261327],[120.5815874,30.2256287],[120.5812337,30.2253195],[120.58067,30.2247968],[120.579879,30.2240622],[120.5794707,30.2236744],[120.5777401,30.2219626],[120.5768552,30.2211152],[120.5768074,30.2211494],[120.5769133,30.2213254],[120.5767937,30.2215543],[120.5766673,30.221486],[120.5765135,30.2218003],[120.5763717,30.2220497],[120.5762983,30.222171],[120.5762573,30.2222821],[120.5762863,30.222388],[120.5763871,30.2224905],[120.5765682,30.2226784],[120.5775078,30.223577],[120.5786302,30.2246567],[120.5793921,30.2253127],[120.5801096,30.2258389],[120.5809946,30.2265273],[120.5813584,30.2268041],[120.5816284,30.226992],[120.5817958,30.2270962]]]}},{"type":"Feature","properties":{"parcelId":"BH-0061","sourceId":"61","sourceName":"评价单元","areaMu":0.7},"geometry":{"type":"Polygon","coordinates":[[[120.5572695,30.2223713],[120.5571219,30.2222834],[120.5563702,30.2218819],[120.5552085,30.2211217],[120.5551248,30.2211065],[120.5549935,30.2213502],[120.5546945,30.2219694],[120.5548119,30.2220378],[120.5548013,30.2221488],[120.5546731,30.2221253],[120.554624,30.2222342],[120.5547564,30.2222684],[120.5547116,30.2224393],[120.554891,30.2225012],[120.5548653,30.2225909],[120.5546924,30.2225439],[120.5547094,30.222467],[120.5546155,30.2224307],[120.5546539,30.2222577],[120.5545685,30.2222407],[120.5545194,30.2224307],[120.5545664,30.2225546],[120.5546048,30.2226528],[120.554891,30.2227446],[120.5550545,30.2227721],[120.5550811,30.2226693],[120.555103,30.2225637],[120.5552413,30.2225935],[120.5552178,30.2227093],[120.5552151,30.2227991],[120.5553736,30.2228258],[120.5557729,30.222924],[120.5564541,30.2231205],[120.5569282,30.2233831],[120.5570947,30.2234515],[120.5571887,30.2232123],[120.5572912,30.2229667],[120.5573296,30.2228663],[120.5572695,30.2223713]]]}},{"type":"Feature","properties":{"parcelId":"BH-0062","sourceId":"62","sourceName":"评价单元","areaMu":0.7},"geometry":{"type":"Polygon","coordinates":[[[120.5621379,30.2306565],[120.5616531,30.2304013],[120.5614153,30.2302793],[120.561197,30.230141],[120.5611252,30.2302701],[120.5612267,30.2303941],[120.5611334,30.2305622],[120.5609684,30.2305007],[120.5608556,30.2307303],[120.5607798,30.23084],[120.5607152,30.2309405],[120.560668,30.2310399],[120.5606783,30.2310747],[120.5609151,30.2312408],[120.5611549,30.2313607],[120.5614952,30.2315463],[120.561896,30.2317502],[120.5623286,30.2319778],[120.5627365,30.232193],[120.5629989,30.2323253],[120.5633659,30.2325251],[120.5637964,30.2327578],[120.5640926,30.2329198],[120.5646625,30.2332129],[120.5651423,30.2334641],[120.565582,30.2336967],[120.5660187,30.2339284],[120.5665219,30.2341918],[120.5670918,30.2344911],[120.5678893,30.2349227],[120.5683639,30.2351748],[120.5685033,30.2352373],[120.5685607,30.235262],[120.5685884,30.2352609],[120.568655,30.235143],[120.5688416,30.2348632],[120.5689297,30.2347136],[120.569024,30.2345403],[120.5690722,30.2344399],[120.5690927,30.2343958],[120.5688539,30.2342482],[120.5687698,30.2341929],[120.5677438,30.2336434],[120.5669278,30.2332191],[120.5664,30.2329341],[120.5653708,30.2323837],[120.5646574,30.2320065],[120.5634417,30.2313566],[120.562713,30.2309671],[120.5621379,30.2306565]]]}},{"type":"Feature","properties":{"parcelId":"BH-0063","sourceId":"63","sourceName":"评价单元","areaMu":0.7},"geometry":{"type":"Polygon","coordinates":[[[120.5792513,30.1969846],[120.5790642,30.1969411],[120.5790001,30.1970231],[120.5789617,30.1971615],[120.5790283,30.197223],[120.5792231,30.197305],[120.579546,30.1974305],[120.5798509,30.1975356],[120.580389,30.197715],[120.5807939,30.1978739],[120.5809682,30.197984],[120.5812244,30.1981711],[120.5815268,30.1984171],[120.5817779,30.1986631],[120.5818984,30.1988092],[120.5819419,30.1989399],[120.5819624,30.1992576],[120.5819764,30.1995103],[120.5819926,30.1995882],[120.5819527,30.1997396],[120.5819445,30.199806],[120.5819086,30.2001955],[120.5817933,30.2005543],[120.5816985,30.2008182],[120.5815371,30.2011667],[120.5814371,30.2013948],[120.581227,30.2017792],[120.5811399,30.2019739],[120.5809887,30.2022584],[120.5808887,30.2025377],[120.5808734,30.2027196],[120.58084,30.2029067],[120.5807939,30.2030425],[120.5808349,30.2030809],[120.5809349,30.2031527],[120.5810784,30.2032219],[120.5811476,30.2032629],[120.5811732,30.2031783],[120.5812372,30.2030348],[120.5812885,30.2029272],[120.5813679,30.2027991],[120.581473,30.2026376],[120.5816421,30.2024044],[120.581719,30.2023096],[120.5818856,30.2020867],[120.5821034,30.2018817],[120.582293,30.2016485],[120.5826159,30.201136],[120.582803,30.2008182],[120.5830028,30.2003826],[120.5831207,30.2000828],[120.583236,30.1996548],[120.5833001,30.1992371],[120.5833565,30.1989091],[120.5833283,30.1985427],[120.5832463,30.1983197],[120.58309,30.198148],[120.5829388,30.1980584],[120.5826928,30.1977765],[120.5824801,30.1976022],[120.58217,30.1974177],[120.5818856,30.1973127],[120.5817164,30.1972973],[120.5812834,30.1972563],[120.5805069,30.1971717],[120.5803429,30.1971692],[120.5800969,30.197123],[120.5794768,30.1970359],[120.5792513,30.1969846]]]}},{"type":"Feature","properties":{"parcelId":"BH-0064","sourceId":"64","sourceName":"评价单元","areaMu":0.7},"geometry":{"type":"Polygon","coordinates":[[[120.5731264,30.2266321],[120.5731819,30.226504],[120.5733442,30.2265083],[120.5738567,30.2255217],[120.5738627,30.2254448],[120.5738046,30.2254004],[120.5736577,30.2253389],[120.5727591,30.2251202],[120.5718627,30.2249169],[120.5716548,30.2248653],[120.5711628,30.224689],[120.5701979,30.2243651],[120.5694285,30.2241],[120.5691729,30.2240016],[120.5690021,30.2239537],[120.5689132,30.2239961],[120.5687438,30.2241287],[120.568644,30.224197],[120.5683611,30.2243391],[120.5678336,30.2245264],[120.5674503,30.2246376],[120.5660794,30.2250263],[120.566216,30.2251843],[120.5663655,30.2253508],[120.5673478,30.2256156],[120.5690049,30.226047],[120.5700684,30.2263374],[120.5717639,30.2267731],[120.572806,30.2270678],[120.5729555,30.2271318],[120.573011,30.2271318],[120.5732203,30.226756],[120.5731264,30.2266321]]]}},{"type":"Feature","properties":{"parcelId":"BH-0065","sourceId":"65","sourceName":"评价单元","areaMu":0.7},"geometry":{"type":"Polygon","coordinates":[[[120.5467099,30.2262609],[120.5466659,30.2264279],[120.5465088,30.2267695],[120.5463379,30.2272069],[120.5462396,30.2274506],[120.5465098,30.2278344],[120.5473025,30.2289875],[120.5478287,30.2297768],[120.5482062,30.2303354],[120.5482951,30.2304721],[120.5483275,30.2304994],[120.5483566,30.2305114],[120.5484557,30.2303781],[120.5485992,30.2301304],[120.5489152,30.2295564],[120.548905,30.2294795],[120.5483822,30.2287244],[120.5477159,30.2277506],[120.5467729,30.2263532],[120.5467099,30.2262609]]]}},{"type":"Feature","properties":{"parcelId":"BH-0066","sourceId":"66","sourceName":"评价单元","areaMu":0.83},"geometry":{"type":"Polygon","coordinates":[[[120.5245792,30.2185432],[120.5245066,30.2185432],[120.5244276,30.2185966],[120.5243571,30.2186564],[120.5242098,30.2188699],[120.5242141,30.2189319],[120.5241201,30.2190557],[120.5240667,30.2190685],[120.5240475,30.219107],[120.5241842,30.2191988],[120.5245493,30.2193739],[120.5249828,30.2195789],[120.525237,30.2197092],[120.5256192,30.2199056],[120.5257196,30.2199633],[120.5258135,30.220038],[120.5261445,30.2204374],[120.52642,30.2207619],[120.526751,30.2211271],[120.527114,30.2215606],[120.5273297,30.2218297],[120.5274095,30.2219245],[120.5276364,30.2220539],[120.5279525,30.2223187],[120.528166,30.2224126],[120.5282685,30.2225578],[120.5282771,30.2226176],[120.52826,30.2227287],[120.5282087,30.2228653],[120.5281832,30.222921],[120.5281903,30.2229316],[120.5283569,30.2231857],[120.528737,30.2237217],[120.5292708,30.2244776],[120.5296702,30.2250542],[120.5302724,30.2258358],[120.5304645,30.2260664],[120.5309706,30.2266729],[120.5312269,30.2268544],[120.5314789,30.2269655],[120.5315643,30.2269484],[120.5316177,30.226895],[120.531654,30.2268245],[120.5317095,30.2266814],[120.5317757,30.226485],[120.5320469,30.2257461],[120.5318782,30.2255859],[120.5317074,30.2253938],[120.5315152,30.2251909],[120.5309301,30.2245396],[120.5303172,30.2238669],[120.5297833,30.2232775],[120.5293627,30.2227992],[120.5288993,30.2222931],[120.5286088,30.2219749],[120.5280622,30.2213727],[120.5277162,30.2210289],[120.5272144,30.2205164],[120.5268257,30.2201384],[120.5263538,30.2196579],[120.5260527,30.2193803],[120.5257836,30.2191411],[120.525538,30.2190194],[120.525207,30.2188529],[120.5248355,30.2186607],[120.5245792,30.2185432]]]}},{"type":"Feature","properties":{"parcelId":"BH-0067","sourceId":"67","sourceName":"评价单元","areaMu":0.7},"geometry":{"type":"Polygon","coordinates":[[[120.5898152,30.2310144],[120.5897405,30.2306386],[120.5896252,30.2303844],[120.5895141,30.2302243],[120.5894095,30.2301559],[120.5892792,30.2301196],[120.5892173,30.2301474],[120.5890913,30.2304293],[120.5891575,30.2305062],[120.5890422,30.2306578],[120.5889529,30.2306356],[120.5887411,30.2310182],[120.5886659,30.2311652],[120.5886693,30.2312164],[120.5888675,30.2313121],[120.5890418,30.231541],[120.5891682,30.2317323],[120.5892365,30.2319647],[120.5893185,30.2322756],[120.5895714,30.2331434],[120.5895953,30.2333211],[120.5895714,30.2336423],[120.5895304,30.2339703],[120.5894244,30.2349748],[120.5892194,30.2368711],[120.5891545,30.2374383],[120.5891238,30.2376433],[120.5889529,30.2382241],[120.5880782,30.2401272],[120.5879851,30.2403314],[120.5879702,30.2403762],[120.5880236,30.2404488],[120.5882371,30.2405706],[120.5884058,30.2406837],[120.5884443,30.2406987],[120.5885382,30.2405727],[120.5886194,30.2403527],[120.5887646,30.2400879],[120.589023,30.2395584],[120.5892814,30.2390587],[120.5895184,30.2385889],[120.5896188,30.2383732],[120.5896508,30.2382856],[120.5897255,30.2379076],[120.5897917,30.237393],[120.5899177,30.2366029],[120.5900288,30.2358405],[120.5901291,30.2349778],[120.5902188,30.2342154],[120.5902978,30.2334979],[120.590332,30.2331563],[120.5901932,30.2325434],[120.5900224,30.2318835],[120.5898152,30.2310144]]]}},{"type":"Feature","properties":{"parcelId":"BH-0068","sourceId":"68","sourceName":"评价单元","areaMu":0.7},"geometry":{"type":"Polygon","coordinates":[[[120.555982,30.2034742],[120.5561596,30.2032077],[120.5562536,30.2030489],[120.5563851,30.2028729],[120.5564876,30.2026799],[120.5564142,30.2025927],[120.5564798,30.2024328],[120.5566561,30.2020953],[120.5567121,30.2019695],[120.5567326,30.2018943],[120.556734,30.201841],[120.5567244,30.2017918],[120.5566916,30.2017795],[120.5565932,30.2017536],[120.5564483,30.201729],[120.5560042,30.2016702],[120.5558224,30.2016511],[120.5555053,30.2016155],[120.5551896,30.2016647],[120.5547031,30.2017495],[120.5542439,30.2018328],[120.5536494,30.2019463],[120.5534197,30.2021144],[120.5532817,30.2022401],[120.553268,30.2022852],[120.5534944,30.2024566],[120.5535339,30.2024219],[120.5536654,30.2025227],[120.5536757,30.2026457],[120.5537218,30.2027021],[120.5538687,30.2027858],[120.5539763,30.2028507],[120.5544034,30.203083],[120.5549194,30.2033632],[120.5552388,30.2035033],[120.5553533,30.2035323],[120.5553977,30.2034469],[120.5554882,30.2035067],[120.5554284,30.2035904],[120.5555976,30.2036382],[120.5557189,30.2036314],[120.5558385,30.2035904],[120.555982,30.2034742]]]}},{"type":"Feature","properties":{"parcelId":"BH-0069","sourceId":"69","sourceName":"评价单元","areaMu":0.7},"geometry":{"type":"Polygon","coordinates":[[[120.5275169,30.2244541],[120.5273291,30.2243812],[120.5271154,30.2247018],[120.527062,30.2248391],[120.5272241,30.2250846],[120.5275658,30.2256377],[120.5277494,30.2259772],[120.5278477,30.2261587],[120.5279075,30.2262805],[120.5280228,30.2263915],[120.5281829,30.2266841],[120.5284285,30.2270898],[120.52861,30.2274144],[120.5287296,30.2276194],[120.5288983,30.2278949],[120.5290734,30.2281853],[120.529161,30.2283262],[120.5292015,30.2284266],[120.5292784,30.2284949],[120.5293873,30.2285697],[120.5295411,30.2286038],[120.5299425,30.2287747],[120.530218,30.2288836],[120.5305383,30.2290074],[120.5307177,30.2290715],[120.5310266,30.2282568],[120.5306261,30.2280246],[120.530178,30.2277588],[120.5301411,30.227739],[120.5301378,30.2277349],[120.5301221,30.2277256],[120.5290715,30.2272815],[120.5287042,30.2270594],[120.5285846,30.2268629],[120.5286358,30.2265981],[120.5287383,30.2264273],[120.5289006,30.2262223],[120.5289868,30.2260617],[120.5281221,30.2247495],[120.5278244,30.224625],[120.5275169,30.2244541]]]}},{"type":"Feature","properties":{"parcelId":"BH-0070","sourceId":"70","sourceName":"评价单元","areaMu":0.7},"geometry":{"type":"Polygon","coordinates":[[[120.569325,30.195658],[120.5694019,30.1955231],[120.5695488,30.1955726],[120.5695881,30.1955094],[120.5696428,30.1954103],[120.5699127,30.1950106],[120.5702168,30.1945049],[120.5693575,30.1940471],[120.5681924,30.1934338],[120.56673,30.1926172],[120.5653497,30.1919099],[120.5645262,30.1914674],[120.5640428,30.1912334],[120.5635747,30.1918569],[120.56304,30.1926291],[120.5626043,30.1933295],[120.5622439,30.1938438],[120.5620064,30.1942555],[120.5618988,30.1944639],[120.561909,30.1945134],[120.5619346,30.1945476],[120.5619705,30.1945698],[120.5621465,30.1945732],[120.5626077,30.1945732],[120.5630758,30.1945647],[120.5641794,30.1945356],[120.5647637,30.1945374],[120.5655171,30.1946023],[120.5658297,30.1946501],[120.5663696,30.1947714],[120.5671452,30.1949679],[120.5679378,30.1952395],[120.5686502,30.1955111],[120.5689799,30.1956307],[120.5691217,30.1956751],[120.5693182,30.19574],[120.5693455,30.1956922],[120.569325,30.195658]]]}},{"type":"Feature","properties":{"parcelId":"BH-0071","sourceId":"71","sourceName":"评价单元","areaMu":0.7},"geometry":{"type":"Polygon","coordinates":[[[120.5368129,30.2318246],[120.5371349,30.2312449],[120.5372971,30.2308086],[120.5372061,30.2308377],[120.5362246,30.2311554],[120.5349639,30.2315834],[120.5343224,30.2317724],[120.5347414,30.2319149],[120.5348131,30.2320173],[120.5348644,30.2322941],[120.5348718,30.2324423],[120.5351151,30.2323726],[120.5362503,30.2320165],[120.5368129,30.2318246]]]}},{"type":"Feature","properties":{"parcelId":"BH-0072","sourceId":"72","sourceName":"评价单元","areaMu":0.7},"geometry":{"type":"Polygon","coordinates":[[[120.5637927,30.2289753],[120.5625008,30.2282898],[120.5623556,30.2285247],[120.5624794,30.2286742],[120.5623791,30.2288088],[120.562189,30.2287575],[120.5621463,30.228813],[120.5620118,30.2290543],[120.5619392,30.2291825],[120.5619648,30.2292145],[120.5620566,30.2292828],[120.5625264,30.2295199],[120.5632247,30.2299064],[120.563891,30.2302481],[120.5648712,30.230767],[120.5658727,30.2313094],[120.567171,30.2319927],[120.5678629,30.2323664],[120.5687257,30.2328234],[120.5691207,30.2330284],[120.5693898,30.2331843],[120.5695884,30.2332548],[120.5696973,30.233289],[120.5697656,30.2331758],[120.5699642,30.2328191],[120.570103,30.2326013],[120.5701906,30.2324796],[120.5702141,30.2324049],[120.5701948,30.2323494],[120.5700966,30.2323002],[120.5688986,30.2316831],[120.5677903,30.2310916],[120.5668529,30.2305897],[120.5657595,30.2300324],[120.5645338,30.2293426],[120.5637927,30.2289753]]]}},{"type":"Feature","properties":{"parcelId":"BH-0073","sourceId":"73","sourceName":"评价单元","areaMu":0.7},"geometry":{"type":"Polygon","coordinates":[[[120.526881,30.2168137],[120.5275006,30.2171429],[120.5298922,30.2185643],[120.53212,30.2199446],[120.533946,30.2210098],[120.5339835,30.2208974],[120.5337503,30.2207846],[120.5336037,30.2207177],[120.533411,30.2206357],[120.5331445,30.2204621],[120.5323176,30.219925],[120.5315427,30.2194207],[120.5311382,30.2191597],[120.5309714,30.2190367],[120.5305519,30.2187278],[120.5301255,30.2184148],[120.5299355,30.2182795],[120.5295091,30.2179693],[120.5293041,30.2177957],[120.5288777,30.2174527],[120.5281465,30.2168295],[120.5279306,30.2166504],[120.5274659,30.2162896],[120.5272841,30.2161598],[120.5271529,30.2160942],[120.5269014,30.216004],[120.526106,30.2156924],[120.5259625,30.2156295],[120.5258901,30.2156104],[120.5258204,30.2156254],[120.525778,30.2156965],[120.525737,30.2158085],[120.5256782,30.2159862],[120.5257794,30.2160614],[120.5257285,30.2162015],[120.5262204,30.2164628],[120.5266214,30.2166303],[120.5268162,30.2167602],[120.526881,30.2168137]]]}},{"type":"Feature","properties":{"parcelId":"BH-0074","sourceId":"74","sourceName":"评价单元","areaMu":0.7},"geometry":{"type":"Polygon","coordinates":[[[120.5281348,30.2230266],[120.5281148,30.2230703],[120.5277979,30.2238038],[120.5282942,30.2248214],[120.5287554,30.2250264],[120.5289946,30.2252143],[120.5291398,30.2254193],[120.5291825,30.2256585],[120.5290885,30.2258721],[120.5290341,30.2259735],[120.5291591,30.2261515],[120.5296647,30.2268605],[120.5300406,30.2274345],[120.5301909,30.2276446],[120.5306522,30.227853],[120.5309563,30.2280051],[120.5311134,30.2280529],[120.5311784,30.2279555],[120.5312228,30.2278377],[120.5312655,30.2277249],[120.5313287,30.2275302],[120.5313492,30.2274687],[120.5313765,30.2273662],[120.5314842,30.2270791],[120.5313731,30.2270296],[120.5311134,30.2269134],[120.5309067,30.2267733],[120.5308538,30.2267187],[120.5303344,30.2261327],[120.5301038,30.2258645],[120.5294324,30.2249249],[120.5288439,30.224081],[120.5282878,30.223261],[120.5281348,30.2230266]]]}},{"type":"Feature","properties":{"parcelId":"BH-0075","sourceId":"75","sourceName":"评价单元","areaMu":0.7},"geometry":{"type":"Polygon","coordinates":[[[120.5277979,30.2238038],[120.5275339,30.223711],[120.5274691,30.2236662],[120.5277599,30.2240827],[120.5280538,30.2245063],[120.5282195,30.2247131],[120.5282931,30.224821],[120.5282942,30.2248214],[120.5277979,30.2238038]]]}},{"type":"Feature","properties":{"parcelId":"BH-0076","sourceId":"76","sourceName":"评价单元","areaMu":0.7},"geometry":{"type":"Polygon","coordinates":[[[120.5583653,30.1964016],[120.5577895,30.1972064],[120.5578606,30.1971887],[120.5580505,30.1971272],[120.5582883,30.1970848],[120.558436,30.1970383],[120.5586041,30.1969536],[120.5587612,30.1968675],[120.558999,30.196765],[120.5594473,30.1965422],[120.5596824,30.1964329],[120.559804,30.1964097],[120.5599379,30.196396],[120.5600459,30.1964247],[120.5600492,30.1964252],[120.5607454,30.1953791],[120.5610696,30.194812],[120.5612185,30.1945578],[120.5612254,30.194514],[120.561209,30.1944922],[120.5610737,30.1944566],[120.5609206,30.1944348],[120.5605721,30.1944225],[120.5605407,30.1944484],[120.5604833,30.1945086],[120.560296,30.1947272],[120.5601156,30.1949186],[120.5596769,30.1954051],[120.5594008,30.1956566],[120.5588692,30.1961035],[120.5586382,30.1962443],[120.5583653,30.1964016]]]}},{"type":"Feature","properties":{"parcelId":"BH-0077","sourceId":"77","sourceName":"评价单元","areaMu":0.7},"geometry":{"type":"Polygon","coordinates":[[[120.5805184,30.2294776],[120.5806158,30.2292957],[120.5807542,30.2293521],[120.5809284,30.2289446],[120.5810233,30.2287447],[120.5810719,30.2285859],[120.5809489,30.2284449],[120.580439,30.2280195],[120.5798675,30.2275506],[120.5792038,30.2271021],[120.5783608,30.226523],[120.5775228,30.2259054],[120.5765619,30.2252084],[120.575419,30.2243551],[120.575237,30.2242218],[120.5751448,30.2242475],[120.5750986,30.2243679],[120.5748629,30.224742],[120.5745989,30.2251854],[120.5747271,30.2252853],[120.5746092,30.2254647],[120.5744221,30.2254314],[120.5742479,30.2257747],[120.5742914,30.2258081],[120.574376,30.2258388],[120.5745349,30.2259336],[120.5747399,30.2260259],[120.5750166,30.2261438],[120.5758418,30.2264999],[120.576385,30.2267255],[120.5767515,30.2269125],[120.5772384,30.2271508],[120.5779021,30.2274968],[120.5786965,30.2279606],[120.579396,30.2284398],[120.5796395,30.2285987],[120.5798419,30.2287909],[120.5802622,30.2292137],[120.5803954,30.2294059],[120.5805184,30.2294776]]]}},{"type":"Feature","properties":{"parcelId":"BH-0078","sourceId":"78","sourceName":"评价单元","areaMu":0.7},"geometry":{"type":"Polygon","coordinates":[[[120.535399,30.2262434],[120.5354451,30.2261516],[120.5364011,30.2242449],[120.5355068,30.2247779],[120.5347209,30.2249436],[120.5345043,30.2249086],[120.534236,30.2251598],[120.5340347,30.2251793],[120.5337556,30.2250624],[120.5332687,30.2248222],[120.5331411,30.2247233],[120.5331376,30.2247319],[120.5332305,30.2247961],[120.5331963,30.2249752],[120.5330474,30.2249533],[120.5329927,30.2249765],[120.5329285,30.2250749],[120.5326633,30.2258048],[120.5326524,30.2258512],[120.5326866,30.2258895],[120.5335981,30.2261164],[120.534015,30.2262216],[120.5343307,30.2263091],[120.5347516,30.2262804],[120.5349238,30.226264],[120.535178,30.2262544],[120.535399,30.2262434]]]}},{"type":"Feature","properties":{"parcelId":"BH-0079","sourceId":"79","sourceName":"评价单元","areaMu":0.85},"geometry":{"type":"Polygon","coordinates":[[[120.5364011,30.2242449],[120.5354451,30.2261516],[120.535399,30.2262434],[120.5358081,30.226223],[120.5361785,30.2259565],[120.536747,30.2255355],[120.5372103,30.225187],[120.5377515,30.2248248],[120.5381041,30.2245747],[120.5390595,30.2239283],[120.5397182,30.2234882],[120.5402211,30.2231534],[120.5404576,30.2229757],[120.5410617,30.222578],[120.5415277,30.2222746],[120.5417436,30.2220327],[120.5421263,30.2215953],[120.5430215,30.2203489],[120.5436406,30.2194961],[120.5439221,30.2191189],[120.5440383,30.2189535],[120.5440916,30.2188661],[120.5440889,30.2187977],[120.5440301,30.2187431],[120.5429573,30.2182866],[120.5429354,30.2182838],[120.5428917,30.2183084],[120.5428397,30.2183741],[120.5421263,30.2196191],[120.5409377,30.2216071],[120.5387715,30.2228508],[120.5377601,30.2234351],[120.5364011,30.2242449]]]}},{"type":"Feature","properties":{"parcelId":"BH-0080","sourceId":"80","sourceName":"评价单元","areaMu":0.7},"geometry":{"type":"Polygon","coordinates":[[[120.5434855,30.2341214],[120.5432809,30.2339719],[120.5422111,30.2338053],[120.5412131,30.2336547],[120.5410727,30.2339185],[120.5409019,30.2342858],[120.5406456,30.2346616],[120.5404713,30.2350054],[120.541342,30.2350546],[120.541974,30.2351079],[120.5426275,30.235172],[120.5428424,30.2351878],[120.542846,30.2351815],[120.5431467,30.2347784],[120.5433858,30.2342522],[120.5434855,30.2341214]]]}},{"type":"Feature","properties":{"parcelId":"BH-0081","sourceId":"81","sourceName":"评价单元","areaMu":0.7},"geometry":{"type":"Polygon","coordinates":[[[120.5550587,30.2232795],[120.55489,30.2232774],[120.5544906,30.2232859],[120.5541404,30.2233649],[120.5537966,30.2234482],[120.5534742,30.2236874],[120.5532862,30.223918],[120.5531026,30.2241508],[120.552889,30.2244925],[120.552746,30.2247765],[120.5527621,30.2247961],[120.5531855,30.2250732],[120.5540157,30.225637],[120.554887,30.2262093],[120.5558403,30.2268243],[120.5575636,30.2279391],[120.5589345,30.2288381],[120.5600385,30.229577],[120.560613,30.2299486],[120.560692,30.229987],[120.5607689,30.2299208],[120.5610465,30.2294659],[120.5612088,30.2291798],[120.5612237,30.2291243],[120.5611597,30.2290581],[120.560581,30.2286459],[120.5585352,30.2271981],[120.5571706,30.2262521],[120.5563186,30.2256178],[120.5558531,30.2252933],[120.5555797,30.225005],[120.555411,30.2247573],[120.5552402,30.2243472],[120.5551419,30.2239757],[120.5550886,30.2235144],[120.5551185,30.2233756],[120.5550587,30.2232795]]]}},{"type":"Feature","properties":{"parcelId":"BH-0082","sourceId":"82","sourceName":"评价单元","areaMu":0.7},"geometry":{"type":"Polygon","coordinates":[[[120.5340932,30.2288479],[120.5346988,30.22764],[120.534267,30.2276975],[120.5329815,30.2274412],[120.5320739,30.227281],[120.5320547,30.2273408],[120.5321529,30.2273985],[120.5320867,30.2275736],[120.5319778,30.2275715],[120.5317002,30.228195],[120.5317023,30.2282505],[120.5317664,30.2283018],[120.5323302,30.2284385],[120.5329067,30.2286114],[120.5335837,30.2288036],[120.5338164,30.2288656],[120.533983,30.2288634],[120.5340932,30.2288479]]]}},{"type":"Feature","properties":{"parcelId":"BH-0083","sourceId":"83","sourceName":"评价单元","areaMu":0.79},"geometry":{"type":"Polygon","coordinates":[[[120.5346988,30.22764],[120.5340932,30.2288479],[120.5349845,30.2287225],[120.5357127,30.2285965],[120.5359498,30.2285794],[120.5362423,30.2285047],[120.5364814,30.2283564],[120.5365541,30.2281527],[120.536631,30.2279307],[120.5368018,30.2277513],[120.5371302,30.227941],[120.5377371,30.2275245],[120.5384205,30.2270504],[120.5390483,30.2266191],[120.5397146,30.2261535],[120.5406563,30.2255065],[120.5414913,30.2249384],[120.5420935,30.2245135],[120.5422899,30.2243982],[120.5424117,30.2243298],[120.5425483,30.2242935],[120.5427597,30.2242893],[120.5429178,30.224317],[120.5429904,30.2243768],[120.5430566,30.2244153],[120.5432018,30.2242487],[120.5435306,30.2236849],[120.5440666,30.2227859],[120.544182,30.2226001],[120.5441691,30.222566],[120.5441115,30.2225211],[120.5440047,30.2224891],[120.543757,30.2225168],[120.5435093,30.222566],[120.5432295,30.2226855],[120.5424586,30.223055],[120.5418735,30.2233539],[120.5413418,30.2236081],[120.5396057,30.2248915],[120.538634,30.2256111],[120.5376005,30.226382],[120.5366993,30.227059],[120.5361441,30.2274476],[120.5346988,30.22764]]]}},{"type":"Feature","properties":{"parcelId":"BH-0084","sourceId":"84","sourceName":"评价单元","areaMu":0.7},"geometry":{"type":"Polygon","coordinates":[[[120.571543,30.2292468],[120.5716018,30.2291019],[120.5718341,30.2291689],[120.571897,30.2291197],[120.5719407,30.2290117],[120.5720077,30.2288655],[120.5720637,30.228763],[120.5720746,30.2287069],[120.5720692,30.2286646],[120.571994,30.2286222],[120.5716851,30.2284842],[120.5709594,30.2282122],[120.5703458,30.2279826],[120.5695285,30.2276683],[120.5688356,30.2274072],[120.5680989,30.2271271],[120.5673008,30.2268168],[120.5665696,30.2265489],[120.5656061,30.2261895],[120.5649241,30.2259353],[120.5645906,30.225815],[120.5644471,30.2257508],[120.5643938,30.2257098],[120.5643597,30.225677],[120.564305,30.2257043],[120.5642134,30.2258492],[120.5642913,30.2259353],[120.5642025,30.2260651],[120.5641123,30.22602],[120.5639852,30.2261553],[120.5639319,30.2262401],[120.5639551,30.2263111],[120.5641396,30.2264177],[120.564372,30.2265175],[120.5647628,30.2266993],[120.5650881,30.226825],[120.5654585,30.2269958],[120.566012,30.2272405],[120.5666994,30.2275466],[120.5674183,30.2278733],[120.5678762,30.2280865],[120.5684502,30.2283434],[120.5687577,30.2284814],[120.5692975,30.2287343],[120.5697554,30.2289325],[120.5703977,30.2292167],[120.5709512,30.2294668],[120.5713735,30.2296554],[120.5714788,30.2297361],[120.5715321,30.2297566],[120.5716045,30.22965],[120.5716619,30.2295406],[120.571692,30.2294641],[120.571584,30.2293261],[120.571543,30.2292468]]]}},{"type":"Feature","properties":{"parcelId":"BH-0085","sourceId":"85","sourceName":"评价单元","areaMu":0.7},"geometry":{"type":"Polygon","coordinates":[[[120.5261031,30.2165224],[120.525647,30.216372],[120.5256025,30.2163806],[120.5255547,30.2164745],[120.5255393,30.2165446],[120.5255069,30.2166351],[120.5254847,30.2166727],[120.525553,30.2167205],[120.5254693,30.2168623],[120.5254197,30.216876],[120.5254095,30.2169221],[120.5255,30.2169648],[120.5256435,30.2170434],[120.5259118,30.2171732],[120.5261475,30.2172894],[120.5265575,30.2175047],[120.5269761,30.2177285],[120.5270529,30.2177951],[120.5272238,30.2179454],[120.5273775,30.2180872],[120.5276099,30.218323],[120.5279669,30.2186903],[120.5282932,30.2189739],[120.5286366,30.2193241],[120.529103,30.2197768],[120.5294293,30.2200997],[120.5299093,30.2205575],[120.5302783,30.2209351],[120.5306217,30.2212272],[120.5313529,30.2218525],[120.5317407,30.2221924],[120.5319952,30.2224111],[120.5324343,30.2228074],[120.5328221,30.2230961],[120.53301,30.2232106],[120.5330647,30.2232192],[120.5331091,30.2231867],[120.5331398,30.2231423],[120.5331723,30.2230517],[120.5332731,30.2227459],[120.5335328,30.2219908],[120.5333859,30.2218986],[120.5333175,30.2218473],[120.5332099,30.2217824],[120.5327093,30.2214544],[120.5321165,30.2210598],[120.5316758,30.2207728],[120.5312282,30.2204465],[120.5308985,30.2202227],[120.5307464,30.2201219],[120.530567,30.2199938],[120.5303552,30.2198315],[120.5301109,30.2196248],[120.5296548,30.2192335],[120.5289629,30.2186544],[120.5284196,30.2181795],[120.5278166,30.217667],[120.5273041,30.2172518],[120.5268257,30.216876],[120.5264601,30.2166385],[120.5261031,30.2165224]]]}},{"type":"Feature","properties":{"parcelId":"BH-0086","sourceId":"86","sourceName":"评价单元","areaMu":0.7},"geometry":{"type":"Polygon","coordinates":[[[120.5604872,30.2238112],[120.5595136,30.2234451],[120.559398,30.2233972],[120.5594452,30.2235192],[120.5595464,30.2237652],[120.5596065,30.2239032],[120.559612,30.2240809],[120.5595792,30.224193],[120.5595149,30.2243789],[120.5594439,30.2246303],[120.5594316,30.2247397],[120.5594835,30.2247793],[120.5596502,30.224864],[120.5599003,30.224987],[120.5601668,30.225151],[120.5604525,30.2253287],[120.560801,30.2255296],[120.5613559,30.2258412],[120.5616593,30.2260162],[120.5620747,30.226254],[120.562497,30.2264877],[120.5626665,30.2265738],[120.5628387,30.2266271],[120.5629576,30.2266503],[120.5630164,30.226694],[120.5630314,30.2267186],[120.5631148,30.2266913],[120.5630314,30.226571],[120.5630929,30.2264412],[120.5631968,30.2264644],[120.5632091,30.2264152],[120.5633512,30.2261966],[120.5634223,30.2260763],[120.5634715,30.2260107],[120.5630232,30.2256594],[120.562523,30.2253055],[120.5622838,30.2251237],[120.5613996,30.2244827],[120.5609035,30.2241383],[120.5606916,30.2239852],[120.56057,30.2239087],[120.5605126,30.2238554],[120.5604872,30.2238112]]]}},{"type":"Feature","properties":{"parcelId":"BH-0087","sourceId":"87","sourceName":"评价单元","areaMu":0.7},"geometry":{"type":"Polygon","coordinates":[[[120.5722109,30.2282864],[120.5722877,30.2281433],[120.5724223,30.228169],[120.5727405,30.2275774],[120.5729156,30.2272187],[120.5728878,30.2271952],[120.5728088,30.2271525],[120.5724628,30.2270564],[120.571378,30.2267532],[120.5691465,30.2261702],[120.5663704,30.2254548],[120.5663213,30.2254292],[120.5660949,30.225205],[120.5659839,30.2251089],[120.5654991,30.2251921],[120.5647133,30.2254057],[120.5646443,30.2254522],[120.5646492,30.2254783],[120.5648801,30.2255063],[120.5649443,30.2256156],[120.5648296,30.225673],[120.564768,30.225576],[120.5645446,30.2256171],[120.564425,30.2255701],[120.5644122,30.2256235],[120.5644698,30.2256726],[120.5646855,30.2257559],[120.5648926,30.2258306],[120.565418,30.2260186],[120.5661398,30.2262791],[120.5672011,30.2266848],[120.5683329,30.2271226],[120.5692682,30.2274792],[120.5703551,30.2278785],[120.571457,30.2283206],[120.572181,30.228611],[120.5722087,30.2285982],[120.5722621,30.2285042],[120.5723005,30.2283911],[120.5722109,30.2282864]]]}},{"type":"Feature","properties":{"parcelId":"BH-0088","sourceId":"88","sourceName":"评价单元","areaMu":0.73},"geometry":{"type":"Polygon","coordinates":[[[120.5741786,30.2333418],[120.5726129,30.2324757],[120.571675,30.2319708],[120.5714725,30.2318709],[120.5712598,30.231812],[120.5710933,30.231794],[120.5709754,30.2318786],[120.5709036,30.2319708],[120.570978,30.232058],[120.5709165,30.232181],[120.5707858,30.2321374],[120.5705244,30.2325961],[120.5706423,30.2327242],[120.570527,30.2329164],[120.5703117,30.2328498],[120.5702399,30.2330241],[120.5723976,30.2342259],[120.5754932,30.2359223],[120.573661,30.2396277],[120.5745425,30.2400993],[120.5750627,30.2392997],[120.5766566,30.2367321],[120.5769493,30.2362879],[120.5770538,30.2360032],[120.5773036,30.2352644],[120.5773475,30.2351548],[120.5757648,30.234231],[120.5741786,30.2333418]]]}},{"type":"Feature","properties":{"parcelId":"BH-0089","sourceId":"89","sourceName":"评价单元","areaMu":0.7},"geometry":{"type":"Polygon","coordinates":[[[120.5739012,30.2251628],[120.5739934,30.2249953],[120.574154,30.2250432],[120.5742052,30.2249407],[120.5743317,30.2246912],[120.5748066,30.2237995],[120.5729342,30.2228804],[120.5715026,30.2222209],[120.5712327,30.2220672],[120.5710721,30.2218964],[120.5709935,30.2218998],[120.570809,30.2220706],[120.5705391,30.2223952],[120.570317,30.2226822],[120.5699856,30.223017],[120.5695004,30.223451],[120.5691382,30.2237995],[120.5691485,30.2238815],[120.5691792,30.2239122],[120.5692783,30.2239464],[120.5703819,30.2243359],[120.5714482,30.2246948],[120.571752,30.2248006],[120.5725823,30.2249919],[120.5737508,30.225296],[120.573949,30.2253678],[120.5740071,30.2252584],[120.5739012,30.2251628]]]}},{"type":"Feature","properties":{"parcelId":"BH-0090","sourceId":"90","sourceName":"评价单元","areaMu":0.7},"geometry":{"type":"Polygon","coordinates":[[[120.5765868,30.2205091],[120.576697,30.2203528],[120.5768097,30.2203887],[120.577048,30.2198992],[120.5769994,30.2198556],[120.5769174,30.2197736],[120.576861,30.2196763],[120.57641,30.2193073],[120.5756233,30.2186307],[120.5751723,30.2182694],[120.5750903,30.2182694],[120.5750518,30.2183104],[120.5748724,30.218477],[120.5747136,30.2186154],[120.574588,30.2187871],[120.5745342,30.2188947],[120.5745444,30.2189383],[120.5746085,30.2190126],[120.5747136,30.2191099],[120.575285,30.2196148],[120.5763895,30.2206013],[120.576533,30.220709],[120.5766022,30.2206936],[120.5766432,30.2206603],[120.5766765,30.220586],[120.5765868,30.2205091]]]}},{"type":"Feature","properties":{"parcelId":"BH-0091","sourceId":"91","sourceName":"评价单元","areaMu":0.7},"geometry":{"type":"Polygon","coordinates":[[[120.5247381,30.2240686],[120.5257702,30.2246391],[120.5257092,30.224514],[120.5251455,30.2235172],[120.5249046,30.2231354],[120.5247534,30.2228791],[120.524574,30.2226485],[120.5244356,30.2224691],[120.5242434,30.2223538],[120.5240743,30.2222667],[120.5236771,30.2220591],[120.5234593,30.2219592],[120.5231339,30.2217977],[120.5229519,30.2216875],[120.5227162,30.2216542],[120.5225547,30.2216132],[120.5223497,30.2215876],[120.5219961,30.2215133],[120.5216014,30.221462],[120.5213016,30.2214185],[120.5211223,30.2214056],[120.5208891,30.221767],[120.5208865,30.2218054],[120.5208671,30.2218486],[120.5211874,30.2220539],[120.5213162,30.2221288],[120.5213426,30.2221308],[120.5216911,30.2221462],[120.5220499,30.2221821],[120.5224445,30.2222205],[120.522711,30.222241],[120.5228263,30.2222949],[120.5229519,30.2223717],[120.5230852,30.2224742],[120.52349,30.2227587],[120.523836,30.2229996],[120.5240384,30.2231482],[120.5243306,30.2233378],[120.52441,30.2234326],[120.5244894,30.2235505],[120.5246637,30.2238964],[120.5247381,30.2240686]]]}},{"type":"Feature","properties":{"parcelId":"BH-0092","sourceId":"92","sourceName":"评价单元","areaMu":0.7},"geometry":{"type":"Polygon","coordinates":[[[120.5792023,30.2319255],[120.5793185,30.2317205],[120.5793903,30.2317649],[120.5795436,30.2314441],[120.5798105,30.2309231],[120.5798255,30.2308761],[120.5797977,30.2308248],[120.5788432,30.229802],[120.5787577,30.2297294],[120.5777434,30.2291208],[120.576302,30.2283093],[120.575025,30.2277007],[120.5747794,30.2276473],[120.5745402,30.227564],[120.5739252,30.2274487],[120.5734746,30.2273846],[120.573197,30.2278373],[120.5730304,30.2281128],[120.5730006,30.2281918],[120.5731287,30.2282965],[120.5730433,30.2284758],[120.5728532,30.228446],[120.572802,30.2284609],[120.5727827,30.2284972],[120.5727635,30.2285356],[120.5727926,30.2285736],[120.5735921,30.2288197],[120.5747469,30.2291203],[120.5753175,30.2293288],[120.5759838,30.2296158],[120.5769507,30.2300838],[120.5773949,30.2303196],[120.5778186,30.2307125],[120.578396,30.2311772],[120.5788265,30.231577],[120.5790964,30.2318537],[120.5792023,30.2319255]]]}},{"type":"Feature","properties":{"parcelId":"BH-0093","sourceId":"93","sourceName":"评价单元","areaMu":0.7},"geometry":{"type":"Polygon","coordinates":[[[120.5865624,30.225771],[120.5863881,30.2255634],[120.5862984,30.2256608],[120.5861677,30.2255839],[120.586178,30.2254481],[120.5860524,30.225361],[120.5858243,30.2252816],[120.5855809,30.2251893],[120.5854502,30.2251457],[120.5853913,30.2251996],[120.5853913,30.2252739],[120.585422,30.2255686],[120.5854989,30.22583],[120.5855911,30.2261016],[120.5857552,30.226486],[120.5859781,30.2269395],[120.5864342,30.2278595],[120.5869647,30.2289358],[120.5873004,30.2296481],[120.5875976,30.2302606],[120.5877488,30.2305835],[120.5878154,30.2307219],[120.5879,30.2308218],[120.5880102,30.2308782],[120.5880819,30.2308859],[120.5882306,30.230645],[120.5884279,30.2303324],[120.5885868,30.2300607],[120.5887431,30.2297583],[120.5887969,30.2295687],[120.5887841,30.2293765],[120.588574,30.2290485],[120.5882101,30.2285591],[120.5879,30.2281798],[120.5876694,30.2278851],[120.5874746,30.2275264],[120.5873567,30.2272573],[120.5872235,30.2269754],[120.5870467,30.2266141],[120.5869134,30.2263578],[120.5868032,30.2261554],[120.5865624,30.225771]]]}},{"type":"Feature","properties":{"parcelId":"BH-0094","sourceId":"94","sourceName":"评价单元","areaMu":0.7},"geometry":{"type":"Polygon","coordinates":[[[120.5878132,30.22441],[120.5873013,30.224818],[120.587288,30.2249029],[120.5872955,30.2250037],[120.5873222,30.2253608],[120.5873256,30.2257537],[120.5872982,30.2259997],[120.5872846,30.2261398],[120.5873768,30.2263585],[120.5876536,30.2269154],[120.5879748,30.2275167],[120.5883062,30.2280292],[120.5885351,30.2283299],[120.5887469,30.2286067],[120.5888153,30.2286648],[120.5888734,30.228634],[120.5890134,30.2286989],[120.5890066,30.2288014],[120.5889861,30.2289073],[120.5890613,30.2289791],[120.5891706,30.2289893],[120.5892389,30.2289313],[120.5892765,30.2288493],[120.5893244,30.2287638],[120.5892321,30.2286477],[120.5889929,30.2284392],[120.5887709,30.2282069],[120.5886,30.2279746],[120.5884121,30.2277422],[120.5882788,30.2275236],[120.5881832,30.2273049],[120.5880602,30.2268983],[120.5879406,30.2264507],[120.5878381,30.2258186],[120.587821,30.2252856],[120.587821,30.2247526],[120.5878132,30.22441]]]}},{"type":"Feature","properties":{"parcelId":"BH-0095","sourceId":"95","sourceName":"评价单元","areaMu":0.7},"geometry":{"type":"Polygon","coordinates":[[[120.5857804,30.2230429],[120.5855525,30.2240355],[120.5855784,30.2241101],[120.585575,30.224363],[120.5855596,30.2245526],[120.5855477,30.2247098],[120.5855784,30.224773],[120.5856707,30.224826],[120.585751,30.2248379],[120.5858313,30.2247901],[120.5858842,30.2246944],[120.5860704,30.224773],[120.5860585,30.2250053],[120.586079,30.2250139],[120.5861405,30.2249541],[120.5861952,30.2248294],[120.5862618,30.2246568],[120.5863233,30.2244877],[120.5863609,30.2242981],[120.5863814,30.2241016],[120.5863882,30.2237975],[120.5863557,30.2236916],[120.5862977,30.2235413],[120.5862088,30.2234251],[120.5860158,30.2232662],[120.5858364,30.2230868],[120.5857804,30.2230429]]]}},{"type":"Feature","properties":{"parcelId":"BH-0096","sourceId":"96","sourceName":"评价单元","areaMu":0.7},"geometry":{"type":"Polygon","coordinates":[[[120.5857804,30.2230429],[120.5854862,30.2228118],[120.5852521,30.2225948],[120.5848712,30.2222873],[120.5844441,30.221932],[120.5842391,30.2217611],[120.5838291,30.2214434],[120.5836787,30.221645],[120.5835796,30.2218226],[120.5834532,30.222014],[120.583443,30.2220738],[120.5834652,30.2221114],[120.5835352,30.2221541],[120.5837026,30.2222805],[120.5839845,30.2225026],[120.5841947,30.22267],[120.5845808,30.2229895],[120.584866,30.2232047],[120.5852163,30.2235037],[120.5854315,30.2236865],[120.5855525,30.2240355],[120.5857804,30.2230429]]]}},{"type":"Feature","properties":{"parcelId":"BH-0097","sourceId":"97","sourceName":"评价单元","areaMu":0.7},"geometry":{"type":"Polygon","coordinates":[[[120.5853452,30.2273984],[120.5853658,30.2291249],[120.5854208,30.2292515],[120.5855276,30.2295568],[120.5858522,30.2303769],[120.5860166,30.230821],[120.5861725,30.2312139],[120.586369,30.2317371],[120.5865313,30.2321664],[120.5866466,30.2324824],[120.5868366,30.232839],[120.586937,30.2329842],[120.5870139,30.2330163],[120.587063,30.232933],[120.5871292,30.2327899],[120.5872659,30.2325251],[120.5874944,30.2320809],[120.5875627,30.2318802],[120.5874986,30.2318055],[120.5873897,30.2316816],[120.5873171,30.2315215],[120.5860499,30.2287945],[120.5857134,30.2280753],[120.5854674,30.227626],[120.5853452,30.2273984]]]}},{"type":"Feature","properties":{"parcelId":"BH-0098","sourceId":"98","sourceName":"评价单元","areaMu":0.7},"geometry":{"type":"Polygon","coordinates":[[[120.5853452,30.2273984],[120.5852436,30.2272091],[120.5849959,30.2267359],[120.5847806,30.2262678],[120.5845175,30.2256238],[120.5844714,30.2254273],[120.5844885,30.2252633],[120.5845261,30.2249438],[120.5845329,30.2247508],[120.5844936,30.2246295],[120.5843843,30.2245389],[120.5841998,30.2244518],[120.5840272,30.2244006],[120.5839623,30.2244023],[120.5838803,30.2244467],[120.5838342,30.2244979],[120.5838393,30.2245577],[120.5839042,30.2246039],[120.5839879,30.2246496],[120.5838961,30.2248353],[120.5837658,30.2247969],[120.5837167,30.2248012],[120.5836441,30.224861],[120.5835651,30.2250126],[120.5834349,30.2252411],[120.5834263,30.2253051],[120.5835374,30.2254247],[120.5836975,30.2256447],[120.5838427,30.2259095],[120.5840157,30.2261294],[120.5842058,30.2264241],[120.5842762,30.2265736],[120.5843787,30.2268384],[120.5844406,30.2269964],[120.5846008,30.2273274],[120.5849468,30.2280812],[120.5852713,30.2289077],[120.5853658,30.2291249],[120.5853452,30.2273984]]]}},{"type":"Feature","properties":{"parcelId":"BH-0099","sourceId":"99","sourceName":"评价单元","areaMu":0.7},"geometry":{"type":"Polygon","coordinates":[[[120.5784706,30.1979421],[120.5784533,30.1979721],[120.578402,30.1982488],[120.578402,30.1984026],[120.578402,30.1985563],[120.5784123,30.1987101],[120.578484,30.1988638],[120.5785763,30.1990381],[120.5786993,30.1992021],[120.5788428,30.1993046],[120.5790375,30.1994788],[120.5792835,30.1997043],[120.5795295,30.1998888],[120.5797141,30.2001246],[120.5800011,30.2003193],[120.580042,30.2004834],[120.5788018,30.2023796],[120.5790522,30.2025081],[120.5791584,30.2023944],[120.5793527,30.2021424],[120.5795834,30.2018818],[120.5797734,30.2016512],[120.5798652,30.2014526],[120.579925,30.2013202],[120.5800233,30.2010981],[120.5800617,30.2009166],[120.5800916,30.2006988],[120.5801365,30.2004618],[120.5801599,30.2002269],[120.5801578,30.2000902],[120.5801151,30.1998019],[120.5800297,30.1996631],[120.5799165,30.1994731],[120.5798033,30.1992745],[120.5796923,30.1991506],[120.5793805,30.1988047],[120.5790495,30.1984544],[120.5789086,30.1983114],[120.5786865,30.198132],[120.5784706,30.1979421]]]}},{"type":"Feature","properties":{"parcelId":"BH-0100","sourceId":"100","sourceName":"评价单元","areaMu":0.7},"geometry":{"type":"Polygon","coordinates":[[[120.5564384,30.2076495],[120.5549052,30.206522],[120.5546638,30.2062892],[120.5545464,30.2064964],[120.5547087,30.2066757],[120.5545998,30.2068338],[120.5543627,30.2067654],[120.5541236,30.207152],[120.554042,30.2072801],[120.5540154,30.2073753],[120.5542397,30.2075824],[120.5546667,30.2080266],[120.5549785,30.2083512],[120.5553971,30.2093121],[120.5556491,30.2099058],[120.5556747,30.2100189],[120.5557452,30.210713],[120.5558113,30.2112917],[120.5558583,30.211928],[120.555869,30.2124811],[120.5558327,30.2127288],[120.5557815,30.2132115],[120.5556768,30.2140144],[120.5555722,30.2148686],[120.5554001,30.2163847],[120.5553232,30.21701],[120.5551746,30.2181375],[120.5551656,30.2182789],[120.5551784,30.2183899],[120.5552147,30.2185159],[120.5552958,30.2185907],[120.5554154,30.2186761],[120.5555201,30.2187337],[120.5555777,30.2187594],[120.5556375,30.2187487],[120.5556735,30.2187208],[120.5569296,30.2164713],[120.5565626,30.2162068],[120.5564067,30.2154825],[120.5564303,30.2153165],[120.5569649,30.2122721],[120.557081,30.2109806],[120.5570851,30.2108398],[120.5570282,30.209208],[120.557018,30.2090508],[120.5569052,30.2084085],[120.5568527,30.2082282],[120.5564384,30.2076495]]]}},{"type":"Feature","properties":{"parcelId":"BH-0101","sourceId":"101","sourceName":"评价单元","areaMu":0.7},"geometry":{"type":"Polygon","coordinates":[[[120.5481726,30.2232535],[120.5472527,30.222161],[120.546993,30.2218433],[120.5469695,30.2218239],[120.5469581,30.2218403],[120.5467616,30.2221649],[120.5464626,30.2228141],[120.5462547,30.2232251],[120.5465728,30.2233911],[120.547477,30.2244555],[120.5474928,30.2244188],[120.5475474,30.2242617],[120.5476499,30.2240293],[120.5477798,30.223756],[120.5479164,30.2235305],[120.5481419,30.2233118],[120.5481726,30.2232535]]]}},{"type":"Feature","properties":{"parcelId":"BH-0102","sourceId":"102","sourceName":"评价单元","areaMu":0.7},"geometry":{"type":"Polygon","coordinates":[[[120.5427824,30.2352906],[120.5427025,30.2354275],[120.5426,30.2356462],[120.542272,30.2360425],[120.5421148,30.2362612],[120.5420593,30.2363342],[120.5423712,30.2363864],[120.5426428,30.2364403],[120.5428709,30.236571],[120.5433501,30.2368964],[120.5438831,30.2372449],[120.5440881,30.2373858],[120.5443264,30.237514],[120.5443638,30.2375243],[120.5444717,30.2374136],[120.5445222,30.2373478],[120.5447288,30.2370514],[120.5448159,30.2368909],[120.5449245,30.2366797],[120.5449737,30.2365957],[120.5449583,30.2365598],[120.5448856,30.2365055],[120.5446395,30.2363456],[120.5444181,30.2361754],[120.5440942,30.2359817],[120.5431276,30.2353431],[120.5430702,30.2353165],[120.5427824,30.2352906]]]}},{"type":"Feature","properties":{"parcelId":"BH-0103","sourceId":"103","sourceName":"评价单元","areaMu":0.7},"geometry":{"type":"Polygon","coordinates":[[[120.5509332,30.200683],[120.5512065,30.200437],[120.5513722,30.2003242],[120.551719,30.2002234],[120.5527851,30.1999176],[120.5531729,30.1998015],[120.5538494,30.1996528],[120.5545361,30.1994991],[120.5554586,30.1993009],[120.5564358,30.1991045],[120.5568117,30.1990344],[120.5572627,30.1989114],[120.5576556,30.1988192],[120.5579651,30.1987752],[120.5578991,30.1987396],[120.5575711,30.1984424],[120.5574964,30.1981933],[120.5574113,30.1982076],[120.5569278,30.1983015],[120.5566682,30.1983323],[120.5561078,30.1984689],[120.5551392,30.1987149],[120.5540902,30.1989815],[120.5534513,30.1991489],[120.5527629,30.1993129],[120.5517105,30.199593],[120.5513193,30.1996955],[120.5510699,30.1997844],[120.5506137,30.1999791],[120.5503694,30.2000936],[120.5501952,30.2002405],[120.5500448,30.2004165],[120.5504412,30.2006898],[120.5505198,30.2006505],[120.5506633,30.2007394],[120.5506376,30.2008658],[120.550735,30.2009136],[120.5509332,30.200683]]]}},{"type":"Feature","properties":{"parcelId":"BH-0104","sourceId":"104","sourceName":"评价单元","areaMu":0.7},"geometry":{"type":"Polygon","coordinates":[[[120.5422893,30.2374922],[120.5420499,30.2373113],[120.5418039,30.2371234],[120.5417253,30.2369764],[120.5417629,30.2368671],[120.5418381,30.2367851],[120.5418894,30.236645],[120.5418928,30.2366374],[120.5419818,30.2364391],[120.5417015,30.2363945],[120.5408951,30.2363108],[120.5404458,30.2362937],[120.5398564,30.2363125],[120.5398394,30.2363535],[120.5400119,30.2364338],[120.5399641,30.2365294],[120.5397317,30.2364081],[120.5396335,30.2365708],[120.5399668,30.2367672],[120.5405601,30.2371168],[120.5405624,30.2371182],[120.5406355,30.2371613],[120.5413632,30.237541],[120.5413786,30.2375186],[120.5413957,30.2374366],[120.5413325,30.2373904],[120.5413718,30.2372965],[120.5410899,30.237194],[120.5411206,30.2370915],[120.5413427,30.2371632],[120.5413854,30.2371837],[120.5414128,30.2371342],[120.541505,30.2371701],[120.5415323,30.2371598],[120.5415716,30.2371103],[120.5416178,30.2370676],[120.5416571,30.2369753],[120.541751,30.2370266],[120.5417083,30.2371461],[120.5418125,30.2372145],[120.5419372,30.2372828],[120.5420893,30.2373734],[120.5422893,30.2374922]]]}},{"type":"Feature","properties":{"parcelId":"BH-0105","sourceId":"105","sourceName":"评价单元","areaMu":0.7},"geometry":{"type":"Polygon","coordinates":[[[120.5673322,30.2110216],[120.5672084,30.210934],[120.5671144,30.2109895],[120.5669585,30.2108892],[120.5669969,30.2107504],[120.5669222,30.2107183],[120.5668453,30.2108358],[120.5667471,30.2107632],[120.5668133,30.2106436],[120.5667193,30.2105774],[120.5664545,30.2104087],[120.5663392,30.2103681],[120.5663051,30.2103809],[120.5662816,30.2104236],[120.5662175,30.210492],[120.5661534,30.2105945],[120.5660339,30.2108016],[120.5658353,30.2111091],[120.5655854,30.2114807],[120.5654231,30.2117199],[120.5654018,30.2118202],[120.5654914,30.2118886],[120.565611,30.2119355],[120.5657135,30.2120124],[120.5660125,30.2121512],[120.5661641,30.2122238],[120.5664439,30.2122708],[120.5665656,30.2122772],[120.5666425,30.2121768],[120.566745,30.2120295],[120.567108,30.2115149],[120.5671507,30.2114145],[120.5673109,30.2112052],[120.5673685,30.2110835],[120.5673322,30.2110216]]]}},{"type":"Feature","properties":{"parcelId":"BH-0106","sourceId":"106","sourceName":"评价单元","areaMu":0.7},"geometry":{"type":"Polygon","coordinates":[[[120.5419818,30.2364391],[120.5418928,30.2366374],[120.5418381,30.2367851],[120.5417629,30.2368671],[120.5417253,30.2369764],[120.5418039,30.2371234],[120.5420499,30.2373113],[120.5422893,30.2374922],[120.5423968,30.237556],[120.5425761,30.2376415],[120.5426992,30.237773],[120.5427049,30.2377905],[120.5431194,30.2380766],[120.5435292,30.2383317],[120.5437737,30.2382582],[120.5438967,30.2381454],[120.5442384,30.2376278],[120.543415,30.2370965],[120.5430562,30.2368607],[120.5425471,30.2365447],[120.5422157,30.2364764],[120.5419818,30.2364391]]]}},{"type":"Feature","properties":{"parcelId":"BH-0107","sourceId":"107","sourceName":"评价单元","areaMu":0.7},"geometry":{"type":"Polygon","coordinates":[[[120.558179,30.2168257],[120.5586762,30.2159611],[120.5587787,30.2159953],[120.5593703,30.2163006],[120.5598315,30.2164971],[120.5601241,30.2165889],[120.5602586,30.216606],[120.5604636,30.2166615],[120.560532,30.2166508],[120.5605939,30.2166039],[120.5604038,30.2156707],[120.560218,30.2148507],[120.5600365,30.2140413],[120.5600152,30.2139025],[120.5596137,30.2135694],[120.559571,30.2135651],[120.559477,30.213689],[120.558909,30.21462],[120.5585823,30.2151624],[120.5585268,30.2152735],[120.5585673,30.2153461],[120.5584691,30.2154913],[120.5583623,30.2154635],[120.5579587,30.2161191],[120.5575829,30.2167704],[120.5574654,30.2169754],[120.5574078,30.2170993],[120.5574526,30.2171591],[120.5575421,30.2172361],[120.5576967,30.2173318],[120.5578,30.2173873],[120.558179,30.2168257]]]}},{"type":"Feature","properties":{"parcelId":"BH-0108","sourceId":"108","sourceName":"评价单元","areaMu":0.7},"geometry":{"type":"Polygon","coordinates":[[[120.5630205,30.2136973],[120.5628918,30.2137274],[120.5628668,30.2137245],[120.5626208,30.213663],[120.5624773,30.21354],[120.5622518,30.2133862],[120.562098,30.2132325],[120.5619033,30.213048],[120.5617128,30.212867],[120.5616393,30.2133247],[120.5615778,30.2137928],[120.5615266,30.2141243],[120.5614856,30.2144694],[120.5614514,30.2147324],[120.5614616,30.2149238],[120.5615436,30.2151356],[120.5615812,30.2154363],[120.5616461,30.2155525],[120.5617828,30.215655],[120.5618956,30.2157096],[120.5619434,30.215672],[120.5621382,30.2153304],[120.5623466,30.2149238],[120.5626575,30.2143873],[120.562965,30.2138236],[120.5630205,30.2136973]]]}},{"type":"Feature","properties":{"parcelId":"BH-0109","sourceId":"109","sourceName":"评价单元","areaMu":0.7},"geometry":{"type":"Polygon","coordinates":[[[120.5864773,30.2200069],[120.5862609,30.2209498],[120.5865705,30.2211582],[120.5869429,30.2214691],[120.5873802,30.2217732],[120.5876809,30.2219919],[120.5878928,30.2221935],[120.5880636,30.2223541],[120.5880978,30.2224873],[120.5881627,30.2225454],[120.5882037,30.2225215],[120.5882925,30.2223814],[120.588395,30.222173],[120.5886308,30.2218245],[120.5887367,30.221681],[120.5887606,30.221558],[120.5887333,30.2214486],[120.5885693,30.2213017],[120.5882857,30.2211411],[120.5876809,30.2208131],[120.5864773,30.2200069]]]}},{"type":"Feature","properties":{"parcelId":"BH-0110","sourceId":"110","sourceName":"评价单元","areaMu":0.7},"geometry":{"type":"Polygon","coordinates":[[[120.5864773,30.2200069],[120.5854771,30.2193371],[120.5850705,30.219771],[120.5851047,30.2198462],[120.5849407,30.2200136],[120.5852995,30.2202698],[120.5855113,30.2204338],[120.58573,30.2205739],[120.5860477,30.2208063],[120.5862609,30.2209498],[120.5864773,30.2200069]]]}},{"type":"Feature","properties":{"parcelId":"BH-0111","sourceId":"111","sourceName":"评价单元","areaMu":0.7},"geometry":{"type":"Polygon","coordinates":[[[120.5259868,30.2293086],[120.5252577,30.2282347],[120.5251595,30.228019],[120.5249732,30.227533],[120.5245254,30.2273091],[120.5239369,30.2269679],[120.5241174,30.2274403],[120.524269,30.2278781],[120.5243715,30.2281664],[120.5244612,30.2284055],[120.5246491,30.2286789],[120.52482,30.2289565],[120.5250848,30.2293665],[120.5253581,30.2297744],[120.5256016,30.2301459],[120.5258514,30.230526],[120.5260351,30.2307182],[120.526475,30.2310791],[120.5271476,30.2316835],[120.527374,30.2318842],[120.5273954,30.2319056],[120.5273954,30.2318533],[120.5273066,30.2315322],[120.5272178,30.2313408],[120.5270606,30.2311153],[120.5268692,30.2308283],[120.5266711,30.2305618],[120.5261586,30.2301176],[120.5259809,30.229981],[120.5258579,30.2298511],[120.5258032,30.2296051],[120.5259126,30.2294138],[120.5259868,30.2293086]]]}},{"type":"Feature","properties":{"parcelId":"BH-0112","sourceId":"112","sourceName":"评价单元","areaMu":0.7},"geometry":{"type":"Polygon","coordinates":[[[120.5859994,30.2220889],[120.5857991,30.2229616],[120.5859948,30.223133],[120.5861707,30.2232833],[120.5863262,30.2234422],[120.5863928,30.223572],[120.586456,30.2237343],[120.5864799,30.2238881],[120.5864765,30.2241153],[120.5864543,30.224322],[120.5864236,30.2244774],[120.586374,30.2246073],[120.586333,30.2247012],[120.5863006,30.2247935],[120.5862766,30.2249421],[120.5862749,30.2250549],[120.5863023,30.2251027],[120.5864304,30.2251847],[120.5864343,30.2251872],[120.5865044,30.225232],[120.5865065,30.2252317],[120.5866303,30.2251715],[120.5871927,30.2248982],[120.587191,30.2248785],[120.5871928,30.2248609],[120.587206,30.224729],[120.5872444,30.2244471],[120.5872679,30.2241247],[120.5872466,30.2238855],[120.5872231,30.22361],[120.5871804,30.2232491],[120.5869989,30.2230569],[120.5867447,30.222805],[120.5862835,30.2223629],[120.5859994,30.2220889]]]}},{"type":"Feature","properties":{"parcelId":"BH-0113","sourceId":"113","sourceName":"评价单元","areaMu":0.7},"geometry":{"type":"Polygon","coordinates":[[[120.5859994,30.2220889],[120.5859845,30.2220746],[120.5856791,30.2218269],[120.5845153,30.2208711],[120.5843752,30.2207515],[120.5842659,30.2208762],[120.5841275,30.221018],[120.5839772,30.221182],[120.5838627,30.2213597],[120.5842095,30.2216142],[120.5845085,30.2218773],[120.5850415,30.2223181],[120.5852602,30.2225145],[120.5856924,30.2228682],[120.5857991,30.2229616],[120.5859994,30.2220889]]]}},{"type":"Feature","properties":{"parcelId":"BH-0114","sourceId":"114","sourceName":"评价单元","areaMu":0.7},"geometry":{"type":"Polygon","coordinates":[[[120.5834946,30.2362437],[120.5825093,30.2372475],[120.5825141,30.2372505],[120.5828319,30.2374042],[120.5829318,30.2374299],[120.5829933,30.2374171],[120.5830266,30.2373709],[120.5830702,30.2372633],[120.5831804,30.2369814],[120.5834946,30.2362437]]]}},{"type":"Feature","properties":{"parcelId":"BH-0115","sourceId":"115","sourceName":"评价单元","areaMu":0.7},"geometry":{"type":"Polygon","coordinates":[[[120.5834946,30.2362437],[120.58388,30.2353388],[120.5840798,30.2348981],[120.5842259,30.2345393],[120.5843438,30.2341985],[120.5844002,30.233955],[120.5844181,30.233709],[120.584395,30.2335502],[120.5843387,30.2333785],[120.5842208,30.2331658],[120.5839363,30.2327635],[120.5833598,30.2318743],[120.5832726,30.2317128],[120.5827986,30.2308954],[120.5822015,30.2298806],[120.5816813,30.229058],[120.5815352,30.2288351],[120.5814712,30.2288248],[120.5814404,30.2288453],[120.581402,30.2289376],[120.581343,30.2289222],[120.5812687,30.2290913],[120.5812995,30.2291708],[120.5811432,30.2293963],[120.5812405,30.2294885],[120.5811329,30.2296807],[120.5810253,30.2296448],[120.5808971,30.2298652],[120.5808433,30.2300241],[120.5808305,30.2300959],[120.5809023,30.2301779],[120.5810227,30.2302752],[120.581197,30.2304982],[120.5816403,30.2310747],[120.5823347,30.2320255],[120.5829139,30.2328096],[120.5832752,30.2333247],[120.58337,30.233563],[120.5834033,30.2337603],[120.5833828,30.233955],[120.5832931,30.23426],[120.5831471,30.2346931],[120.5828831,30.2354285],[120.5826986,30.2360153],[120.5824808,30.2366227],[120.5822937,30.2370788],[120.5823578,30.2371531],[120.5825093,30.2372475],[120.5834946,30.2362437]]]}},{"type":"Feature","properties":{"parcelId":"BH-0116","sourceId":"116","sourceName":"评价单元","areaMu":0.7},"geometry":{"type":"Polygon","coordinates":[[[120.5577115,30.1973154],[120.5575506,30.1975404],[120.5574481,30.1980324],[120.5574642,30.1980862],[120.5579452,30.1980132],[120.5584171,30.1979448],[120.5587716,30.1979235],[120.5589275,30.197932],[120.5590311,30.1979539],[120.5594161,30.1973764],[120.5599687,30.1965461],[120.5599525,30.1965269],[120.5599141,30.196512],[120.5598372,30.1965055],[120.5597432,30.1965226],[120.5596002,30.1965632],[120.5595233,30.1966016],[120.5588634,30.1969241],[120.5583189,30.1971654],[120.5577115,30.1973154]]]}},{"type":"Feature","properties":{"parcelId":"BH-0117","sourceId":"117","sourceName":"评价单元","areaMu":0.7},"geometry":{"type":"Polygon","coordinates":[[[120.5803877,30.234851],[120.5804629,30.2345093],[120.5804629,30.2343009],[120.5803809,30.2340719],[120.5801554,30.2336244],[120.579865,30.2332109],[120.579783,30.2330298],[120.5795984,30.2327873],[120.5794959,30.2326677],[120.5794242,30.2326472],[120.5793524,30.2326882],[120.5793149,30.2328829],[120.5793866,30.2329786],[120.5792704,30.2331563],[120.5791372,30.2331289],[120.5784948,30.2344922],[120.5785837,30.2345537],[120.5785222,30.2346596],[120.5784333,30.2346118],[120.5783377,30.2348134],[120.5783753,30.234974],[120.578529,30.235097],[120.578775,30.2352439],[120.5791816,30.2354421],[120.5795438,30.2356607],[120.5798137,30.2358145],[120.5799265,30.2358555],[120.5800085,30.235835],[120.5802203,30.2353874],[120.5803877,30.234851]]]}},{"type":"Feature","properties":{"parcelId":"BH-0118","sourceId":"118","sourceName":"评价单元","areaMu":0.7},"geometry":{"type":"Polygon","coordinates":[[[120.5361374,30.2330805],[120.5361099,30.2331326],[120.5361099,30.2335853],[120.5369897,30.2342089],[120.5373342,30.2343742],[120.5374302,30.2342119],[120.5376045,30.2339249],[120.537912,30.2334662],[120.5377915,30.2333611],[120.5377685,30.233315],[120.5379453,30.2329665],[120.5380017,30.2328666],[120.5378864,30.2328025],[120.537607,30.2327589],[120.5373559,30.232741],[120.5370663,30.2327923],[120.5364411,30.232987],[120.5361374,30.2330805]]]}},{"type":"Feature","properties":{"parcelId":"BH-0119","sourceId":"119","sourceName":"评价单元","areaMu":0.7},"geometry":{"type":"Polygon","coordinates":[[[120.5353523,30.22349],[120.534823,30.2236134],[120.5341696,30.2234939],[120.5336787,30.2233834],[120.5336531,30.2234381],[120.5337129,30.2235064],[120.5336291,30.2236789],[120.5335266,30.2236687],[120.5332516,30.2243862],[120.5332089,30.2245075],[120.5332277,30.2245587],[120.5333268,30.2246066],[120.5341604,30.2247535],[120.5345706,30.224818],[120.5346774,30.2246145],[120.5347878,30.2242315],[120.5349825,30.2239393],[120.5351059,30.2238939],[120.5352422,30.2236602],[120.5353523,30.22349]]]}},{"type":"Feature","properties":{"parcelId":"BH-0120","sourceId":"120","sourceName":"评价单元","areaMu":1.23},"geometry":{"type":"Polygon","coordinates":[[[120.5509274,30.2108249],[120.5510614,30.2108085],[120.5512035,30.2108386],[120.5512705,30.2108632],[120.5513771,30.2106964],[120.5514263,30.2107128],[120.5515097,30.2105994],[120.5515534,30.2106008],[120.5519839,30.2098997],[120.552249,30.2093926],[120.5525483,30.2088323],[120.5526071,30.208712],[120.5526016,30.2086847],[120.5525798,30.2086614],[120.5522777,30.2085603],[120.5518636,30.2084715],[120.5516778,30.2084277],[120.5514891,30.2084578],[120.5511502,30.208533],[120.5509206,30.2085945],[120.5506336,30.2087243],[120.550266,30.208902],[120.5496824,30.2091603],[120.5492519,30.2093653],[120.5482597,30.2098122],[120.5474109,30.2102113],[120.5466606,30.2105529],[120.5465814,30.2105871],[120.5464515,30.210665],[120.5455181,30.211265],[120.5450794,30.2115424],[120.5445368,30.2118841],[120.5440092,30.2122353],[120.5436525,30.2125497],[120.5434175,30.2128189],[120.543222,30.213054],[120.5408663,30.216158],[120.5407118,30.2163603],[120.5406654,30.2164532],[120.5406859,30.2165065],[120.5408594,30.2166063],[120.5410932,30.2167375],[120.5412093,30.2168058],[120.5413023,30.2167949],[120.5413993,30.216635],[120.5416275,30.2162783],[120.541968,30.2158361],[120.5423703,30.2152928],[120.543151,30.2143264],[120.5435251,30.2139164],[120.5438439,30.2135446],[120.5443263,30.2130608],[120.544489,30.212916],[120.5448047,30.2127287],[120.5452598,30.212454],[120.5461262,30.2119743],[120.5464256,30.2118117],[120.5467959,30.2116709],[120.5473166,30.2115042],[120.5478018,30.2113771],[120.5482296,30.2112951],[120.5487435,30.2112131],[120.549297,30.2111092],[120.5497425,30.2110408],[120.5500992,30.2109725],[120.5504122,30.2109151],[120.5509274,30.2108249]]]}},{"type":"Feature","properties":{"parcelId":"BH-0121","sourceId":"121","sourceName":"评价单元","areaMu":0.7},"geometry":{"type":"Polygon","coordinates":[[[120.5624875,30.2073056],[120.5626242,30.2070989],[120.5630872,30.2063028],[120.5629232,30.2061542],[120.5628142,30.2060855],[120.5607295,30.2049651],[120.5596071,30.2043518],[120.5587717,30.2038837],[120.5579193,30.2034276],[120.5572342,30.2030586],[120.5568071,30.2028297],[120.5567491,30.2028809],[120.5568004,30.202951],[120.5567167,30.2031184],[120.5565851,30.2031064],[120.5565168,30.2031731],[120.5561614,30.2037761],[120.5561512,30.2038274],[120.5561546,30.2038786],[120.5562024,30.2039042],[120.5562349,30.2038188],[120.5563323,30.2038701],[120.5562913,30.2039572],[120.5565339,30.2041468],[120.5568192,30.2043125],[120.5578647,30.2049344],[120.5588077,30.205464],[120.5593902,30.2058022],[120.5603555,30.2063694],[120.5614198,30.206981],[120.5617973,30.2071655],[120.5619853,30.2072834],[120.5620211,30.2072971],[120.5620382,30.207186],[120.5621458,30.2072082],[120.5621322,30.2073381],[120.5622466,30.2073517],[120.5623491,30.2073312],[120.5624875,30.2073056]]]}},{"type":"Feature","properties":{"parcelId":"BH-0122","sourceId":"122","sourceName":"评价单元","areaMu":0.7},"geometry":{"type":"Polygon","coordinates":[[[120.5636073,30.2112894],[120.5637235,30.2110355],[120.564236,30.2101677],[120.56467,30.2093887],[120.5645094,30.2092896],[120.564482,30.2091871],[120.5644718,30.2089957],[120.5641574,30.2087976],[120.5639866,30.2089206],[120.5638773,30.2088386],[120.5638944,30.2086575],[120.5637953,30.2086267],[120.5635663,30.2084867],[120.5634113,30.2084051],[120.5633636,30.2085308],[120.5632891,30.2086374],[120.5631737,30.2085667],[120.5632399,30.208455],[120.5632933,30.208343],[120.5629753,30.2081757],[120.5628215,30.2081279],[120.5627361,30.2081381],[120.5626712,30.2082236],[120.5624935,30.2085208],[120.5622031,30.2090231],[120.561571,30.2100652],[120.5611678,30.2107212],[120.5610756,30.2108989],[120.5610961,30.2109569],[120.5616923,30.2113828],[120.5618333,30.2114447],[120.5622309,30.2105688],[120.5625901,30.2107314],[120.5626721,30.2108339],[120.5628258,30.2109467],[120.5631026,30.2109774],[120.5632973,30.2110184],[120.5634613,30.2111312],[120.5635331,30.2112234],[120.5636073,30.2112894]]]}},{"type":"Feature","properties":{"parcelId":"BH-0123","sourceId":"123","sourceName":"评价单元","areaMu":0.7},"geometry":{"type":"Polygon","coordinates":[[[120.5239369,30.2269679],[120.5245254,30.2273091],[120.5249732,30.227533],[120.5246684,30.2267377],[120.5241815,30.2254607],[120.5238548,30.2246194],[120.5237587,30.2244934],[120.5234277,30.2241944],[120.5226888,30.2235602],[120.5225671,30.2234406],[120.5223962,30.2233424],[120.5217791,30.2232164],[120.5213242,30.2231096],[120.5204978,30.2229131],[120.5204658,30.2229345],[120.5204444,30.2230178],[120.5203804,30.2232356],[120.5203526,30.2233488],[120.5203549,30.2233596],[120.5204984,30.2231083],[120.5214004,30.2235867],[120.5211215,30.2240586],[120.5212089,30.2240983],[120.5217407,30.2243524],[120.5222062,30.2245959],[120.5227144,30.2248521],[120.5231757,30.2250742],[120.5232397,30.2251404],[120.5233465,30.2254308],[120.5237544,30.2264794],[120.5238718,30.2267975],[120.5239369,30.2269679]]]}},{"type":"Feature","properties":{"parcelId":"BH-0124","sourceId":"124","sourceName":"评价单元","areaMu":0.7},"geometry":{"type":"Polygon","coordinates":[[[120.5279242,30.2146009],[120.5270495,30.2141499],[120.5266805,30.2139722],[120.5263449,30.2137846],[120.5263068,30.2138445],[120.5262214,30.2140153],[120.5262876,30.214073],[120.5262064,30.2142887],[120.5261103,30.2142567],[120.5260164,30.2145578],[120.5266976,30.214861],[120.5275667,30.2152432],[120.5280173,30.2154312],[120.5282138,30.2155785],[120.5285917,30.2158924],[120.5291534,30.216343],[120.529762,30.2168448],[120.5308169,30.2176862],[120.53137,30.2181304],[120.5317117,30.2184144],[120.5320725,30.2187091],[120.5321585,30.2187703],[120.5325352,30.2189906],[120.5329481,30.2191533],[120.5337168,30.2194415],[120.5340671,30.2195633],[120.5343788,30.219685],[120.5344514,30.2197213],[120.5345134,30.2197234],[120.5345796,30.2195206],[120.5348508,30.2186215],[120.5345326,30.2185084],[120.5340457,30.218361],[120.5338834,30.218314],[120.5328669,30.2178186],[120.5322968,30.2174299],[120.5311265,30.2165715],[120.5300201,30.2157871],[120.5279242,30.2146009]]]}},{"type":"Feature","properties":{"parcelId":"BH-0125","sourceId":"125","sourceName":"评价单元","areaMu":0.7},"geometry":{"type":"Polygon","coordinates":[[[120.5474414,30.2245386],[120.5474108,30.2246102],[120.5473014,30.2247947],[120.5470896,30.2251568],[120.5469529,30.2256147],[120.5467684,30.2260383],[120.5467415,30.2261408],[120.5481947,30.2282808],[120.5488405,30.2292213],[120.5489122,30.2293494],[120.5489686,30.2294084],[120.5490045,30.229416],[120.5490839,30.2293827],[120.549886,30.228022],[120.5500782,30.2276376],[120.5485176,30.2258336],[120.5474414,30.2245386]]]}},{"type":"Feature","properties":{"parcelId":"BH-0126","sourceId":"126","sourceName":"评价单元","areaMu":0.7},"geometry":{"type":"Polygon","coordinates":[[[120.5804113,30.2319136],[120.5802555,30.2316748],[120.5801509,30.2315333],[120.5800782,30.23144],[120.5800556,30.2314236],[120.5800177,30.2314185],[120.5799962,30.2314288],[120.5799849,30.2314595],[120.57999,30.2315548],[120.5799582,30.2315999],[120.5800402,30.2317168],[120.5799213,30.2318634],[120.5798923,30.2318545],[120.5798103,30.2318408],[120.5796394,30.2321722],[120.5795164,30.2323977],[120.5794754,30.2325173],[120.5795267,30.2326198],[120.5796736,30.2327087],[120.5798069,30.2329034],[120.5799777,30.2331494],[120.5802135,30.233556],[120.5804219,30.2339114],[120.580521,30.2341505],[120.5805756,30.2343795],[120.5805688,30.234499],[120.5804595,30.2349876],[120.5803604,30.2352678],[120.5802305,30.2356102],[120.5801636,30.2357591],[120.5801075,30.2358849],[120.5801198,30.2359409],[120.58021,30.2360038],[120.5804027,30.2361117],[120.5805968,30.2362088],[120.5807827,30.2362908],[120.5808989,30.2363386],[120.5809576,30.2363536],[120.5810232,30.2363413],[120.5811011,30.2362047],[120.5812911,30.2357181],[120.5814291,30.2352986],[120.5815726,30.2349022],[120.5816669,30.2346015],[120.5817448,30.2343678],[120.5817722,30.2341546],[120.5817558,30.2340029],[120.5817066,30.2338143],[120.5816259,30.2336315],[120.5814671,30.2334337],[120.5812221,30.2330924],[120.5810529,30.2328566],[120.5808459,30.2325717],[120.5806593,30.2322785],[120.5804113,30.2319136]]]}},{"type":"Feature","properties":{"parcelId":"BH-0127","sourceId":"127","sourceName":"评价单元","areaMu":0.7},"geometry":{"type":"Polygon","coordinates":[[[120.560036,30.2065738],[120.5568692,30.2047522],[120.5567688,30.2048398],[120.556615,30.2047587],[120.5566471,30.2046369],[120.5560876,30.204338],[120.5559787,30.2043038],[120.5559253,30.2043038],[120.5558698,30.2043465],[120.555763,30.204464],[120.5556648,30.2046455],[120.5555943,30.2047971],[120.5555046,30.2049935],[120.5554832,30.2050576],[120.5557843,30.2052946],[120.5560577,30.2054804],[120.5563609,30.2056683],[120.5567282,30.2059481],[120.5570144,30.2062428],[120.5572749,30.2064905],[120.5574436,30.2067062],[120.5577468,30.207161],[120.5581953,30.2078252],[120.5582764,30.2079682],[120.558317,30.2081455],[120.558554,30.2095143],[120.5585732,30.2100524],[120.5585626,30.2107016],[120.5585626,30.2108297],[120.5581675,30.2124612],[120.55786,30.2137404],[120.5578365,30.2138002],[120.5578408,30.213939],[120.557892,30.2142892],[120.5579155,30.2143661],[120.5580031,30.2144323],[120.5580629,30.2144792],[120.5581376,30.2144878],[120.5581974,30.2144835],[120.5594531,30.2122968],[120.559468,30.2122733],[120.5594573,30.2122178],[120.5590601,30.2119594],[120.5595556,30.2099499],[120.5595726,30.2098901],[120.5595726,30.2097535],[120.5596303,30.2078551],[120.5596324,30.2077953],[120.5596709,30.2076522],[120.5598908,30.2068962],[120.5599421,30.206751],[120.5600147,30.2066122],[120.560036,30.2065738]]]}},{"type":"Feature","properties":{"parcelId":"BH-0128","sourceId":"128","sourceName":"评价单元","areaMu":0.7},"geometry":{"type":"Polygon","coordinates":[[[120.53647,30.2241074],[120.5373146,30.222423],[120.5368581,30.2226546],[120.5353633,30.2234875],[120.5353523,30.22349],[120.5352422,30.2236602],[120.5351059,30.2238939],[120.5349825,30.2239393],[120.5347878,30.2242315],[120.5346774,30.2246145],[120.5345706,30.224818],[120.5347037,30.2248389],[120.5351274,30.2247757],[120.5354673,30.2246715],[120.53647,30.2241074]]]}},{"type":"Feature","properties":{"parcelId":"BH-0129","sourceId":"129","sourceName":"评价单元","areaMu":0.7},"geometry":{"type":"Polygon","coordinates":[[[120.5373146,30.222423],[120.53647,30.2241074],[120.536682,30.2239881],[120.5375242,30.2234722],[120.5385646,30.2228555],[120.5401226,30.2219586],[120.5408419,30.2215571],[120.541064,30.2212394],[120.541573,30.2204211],[120.5423794,30.2190271],[120.5428304,30.2182122],[120.542827,30.2181575],[120.5425383,30.218043],[120.5422718,30.2179337],[120.5419728,30.2178175],[120.5418874,30.2178056],[120.5418088,30.2178449],[120.5415508,30.218313],[120.5411545,30.2189895],[120.5404506,30.2202468],[120.5402183,30.2206773],[120.5400509,30.2208892],[120.5398527,30.2211215],[120.5397724,30.2212155],[120.5379616,30.2220947],[120.5373146,30.222423]]]}},{"type":"Feature","properties":{"parcelId":"BH-0130","sourceId":"130","sourceName":"评价单元","areaMu":0.7},"geometry":{"type":"Polygon","coordinates":[[[120.5404111,30.2269253],[120.5407724,30.2268587],[120.5412209,30.2268817],[120.5414925,30.2269817],[120.5415463,30.2269893],[120.5421152,30.22599],[120.5427554,30.2249009],[120.5428387,30.2247727],[120.5428771,30.224698],[120.5429177,30.2245805],[120.5429326,30.224525],[120.5429049,30.2244503],[120.542781,30.2244118],[120.5426401,30.224399],[120.5424607,30.2244289],[120.5421126,30.2246467],[120.541583,30.2250418],[120.5411752,30.225328],[120.5404256,30.2258277],[120.5395522,30.2264491],[120.538903,30.2268868],[120.538162,30.2274036],[120.5375833,30.2277965],[120.5372536,30.2280203],[120.5375791,30.2282467],[120.5379433,30.2284367],[120.5387839,30.2279272],[120.5396193,30.2274147],[120.5404111,30.2269253]]]}},{"type":"Feature","properties":{"parcelId":"BH-0131","sourceId":"131","sourceName":"评价单元","areaMu":0.7},"geometry":{"type":"Polygon","coordinates":[[[120.5601415,30.193503],[120.5603591,30.193635],[120.5609946,30.1940655],[120.5614559,30.1943115],[120.5613839,30.1944198],[120.5614138,30.1943898],[120.5615727,30.1941251],[120.5620561,30.1932914],[120.5626216,30.1923073],[120.5627617,30.1920665],[120.5627583,30.191993],[120.5626165,30.191952],[120.5623756,30.1919708],[120.5621484,30.1920238],[120.5620083,30.1920818],[120.5617435,30.1922886],[120.5613403,30.1925807],[120.5609098,30.1929036],[120.5601415,30.193503]]]}},{"type":"Feature","properties":{"parcelId":"BH-0132","sourceId":"132","sourceName":"评价单元","areaMu":0.87},"geometry":{"type":"Polygon","coordinates":[[[120.5584942,30.1962214],[120.5585039,30.1962078],[120.5586986,30.1957056],[120.5587704,30.1954698],[120.5589651,30.1952238],[120.5594981,30.194414],[120.5596164,30.1939804],[120.5588256,30.1947913],[120.5587368,30.1948528],[120.5577408,30.1955122],[120.5568849,30.1959205],[120.5564698,30.1960589],[120.5554772,30.196363],[120.5546299,30.1966483],[120.5535622,30.1969814],[120.5524603,30.1973299],[120.552216,30.1974154],[120.5520861,30.1974273],[120.55197,30.1974137],[120.551917,30.1973846],[120.5518247,30.197265],[120.5516009,30.1969609],[120.5509261,30.1973282],[120.5506101,30.197429],[120.5499502,30.1976486],[120.5486211,30.1979835],[120.5482179,30.198127],[120.5472546,30.1984862],[120.5470006,30.1985995],[120.5469811,30.1986531],[120.5470699,30.1987215],[120.5472852,30.1988786],[120.5478113,30.1992066],[120.5478831,30.1991007],[120.5479548,30.1991588],[120.5478968,30.1992716],[120.5481291,30.1993946],[120.5482218,30.1993339],[120.5483499,30.1994346],[120.5483226,30.199544],[120.5483619,30.1995611],[120.548408,30.1995816],[120.5484336,30.1995747],[120.5484712,30.1995218],[120.5484883,30.1994893],[120.5485327,30.1994364],[120.5487582,30.1992177],[120.5490555,30.1990383],[120.5496517,30.1987171],[120.5506238,30.198343],[120.5521698,30.1979398],[120.5532529,30.1976802],[120.5546418,30.1973197],[120.5562716,30.1969063],[120.5575546,30.1965595],[120.5582704,30.1963493],[120.5584942,30.1962214]]]}},{"type":"Feature","properties":{"parcelId":"BH-0133","sourceId":"133","sourceName":"评价单元","areaMu":0.7},"geometry":{"type":"Polygon","coordinates":[[[120.5650525,30.2120572],[120.5650511,30.2120586],[120.5650502,30.2120541],[120.564919,30.2119431],[120.5645807,30.2118098],[120.5640785,30.2116663],[120.5639555,30.2115536],[120.5637197,30.2113896],[120.5636932,30.2113659],[120.5635733,30.2116402],[120.5634477,30.2120169],[120.5633375,30.2124448],[120.5633068,30.2126883],[120.5633145,30.2128267],[120.5633708,30.2129369],[120.5634503,30.212924],[120.5635502,30.2128651],[120.563727,30.2127626],[120.5639858,30.2126447],[120.5642216,30.2125422],[120.5645086,30.2124141],[120.5646393,30.2123244],[120.5649776,30.2121322],[120.5650532,30.2120607],[120.5650525,30.2120572]]]}},{"type":"Feature","properties":{"parcelId":"BH-0134","sourceId":"134","sourceName":"评价单元","areaMu":0.7},"geometry":{"type":"Polygon","coordinates":[[[120.5208093,30.2054672],[120.5209289,30.2053032],[120.5211783,30.2051221],[120.5213696,30.2049205],[120.5215951,30.2047873],[120.5217967,30.2046438],[120.5221179,30.2045823],[120.5223742,30.2047121],[120.5224698,30.2049991],[120.5225177,30.2051973],[120.5226338,30.2053374],[120.5227494,30.205313],[120.5230938,30.2053294],[120.5232482,30.2053308],[120.5232674,30.2052665],[120.5233002,30.2050041],[120.5233535,30.2046078],[120.5233603,30.2043891],[120.5233302,30.2041787],[120.5232974,30.2040543],[120.5232387,30.2039258],[120.5230596,30.2036033],[120.5229776,30.203427],[120.5229298,30.2034065],[120.5227822,30.2033928],[120.5226086,30.2034078],[120.522431,30.2034352],[120.522256,30.2034734],[120.522077,30.2035418],[120.5218816,30.2036265],[120.521615,30.2037358],[120.5212606,30.2039195],[120.5209056,30.2041027],[120.5207347,30.2042275],[120.520593,30.2044017],[120.5204643,30.2046023],[120.5203468,30.2047814],[120.5202415,30.2049044],[120.5201568,30.205026],[120.5200748,30.2051203],[120.5200871,30.2051353],[120.5200844,30.2051668],[120.5200475,30.2051709],[120.520057,30.2052023],[120.5200994,30.2052406],[120.5201609,30.2052898],[120.520206,30.2052419],[120.5202579,30.2051545],[120.5203413,30.2052119],[120.5202402,30.2053636],[120.520314,30.2054264],[120.5203399,30.2054237],[120.5203577,30.2054032],[120.5203755,30.2053772],[120.5203987,30.2053581],[120.5204206,30.2053567],[120.5204329,30.2053759],[120.5205018,30.205375],[120.5207102,30.2055731],[120.5208093,30.2054672]]]}},{"type":"Feature","properties":{"parcelId":"BH-0135","sourceId":"135","sourceName":"评价单元","areaMu":0.7},"geometry":{"type":"Polygon","coordinates":[[[120.5360694,30.2219991],[120.536164,30.2219074],[120.5362549,30.2217581],[120.5363913,30.221427],[120.5363978,30.2212128],[120.5363523,30.2210505],[120.536219,30.2208616],[120.5349714,30.2212032],[120.5349171,30.2212032],[120.5345641,30.2211375],[120.5345231,30.2212093],[120.5345676,30.2212537],[120.5345197,30.2214143],[120.5344275,30.2214177],[120.5341439,30.2220737],[120.5341405,30.2221694],[120.5342361,30.2222206],[120.5352817,30.2223607],[120.535883,30.2220908],[120.5360694,30.2219991]]]}},{"type":"Feature","properties":{"parcelId":"BH-0136","sourceId":"136","sourceName":"评价单元","areaMu":0.7},"geometry":{"type":"Polygon","coordinates":[[[120.5650502,30.2120541],[120.5650522,30.2120558],[120.5650525,30.2120572],[120.5651164,30.2119968],[120.5652599,30.2118226],[120.5653931,30.2116329],[120.5656366,30.2112357],[120.56588,30.210877],[120.5660491,30.2106156],[120.5661875,30.2103875],[120.5662259,30.2102876],[120.5657775,30.2099878],[120.5653547,30.2097443],[120.5650344,30.2095778],[120.5649677,30.2096418],[120.5647345,30.2095291],[120.5642758,30.2102902],[120.5640298,30.2107694],[120.5637403,30.2112511],[120.563691,30.2113638],[120.5637176,30.2113874],[120.5639533,30.2115514],[120.5640763,30.2116642],[120.5645786,30.2118077],[120.5649168,30.2119409],[120.5650501,30.2120537],[120.5650502,30.2120541]]]}},{"type":"Feature","properties":{"parcelId":"BH-0137","sourceId":"137","sourceName":"评价单元","areaMu":0.7},"geometry":{"type":"Polygon","coordinates":[[[120.5375813,30.2282488],[120.5372558,30.2280224],[120.5370473,30.2281638],[120.5369042,30.228245],[120.5363712,30.2285856],[120.5363598,30.2286076],[120.5363256,30.2287528],[120.5361292,30.2289493],[120.5359839,30.2290347],[120.5358729,30.2292141],[120.5357106,30.2293507],[120.5355654,30.2295045],[120.5355438,30.2295513],[120.5363337,30.2293465],[120.5366002,30.2292337],[120.537128,30.2289288],[120.5379404,30.2284419],[120.5379454,30.2284388],[120.5375813,30.2282488]]]}},{"type":"Feature","properties":{"parcelId":"BH-0138","sourceId":"138","sourceName":"评价单元","areaMu":0.7},"geometry":{"type":"Polygon","coordinates":[[[120.5439709,30.2031224],[120.5432977,30.2025501],[120.5431953,30.2027601],[120.5430953,30.2029822],[120.5429595,30.2032196],[120.5429544,30.2032786],[120.542998,30.2033153],[120.5430595,30.2033307],[120.5431261,30.2033546],[120.5432662,30.2033606],[120.543326,30.2033537],[120.5434003,30.2033375],[120.5434729,30.2033187],[120.5436147,30.2032982],[120.5437095,30.2032717],[120.5437872,30.2032418],[120.5438479,30.2032051],[120.5439222,30.2031556],[120.5439709,30.2031224]]]}},{"type":"Feature","properties":{"parcelId":"BH-0139","sourceId":"139","sourceName":"评价单元","areaMu":0.7},"geometry":{"type":"Polygon","coordinates":[[[120.5432977,30.2025501],[120.5439709,30.2031224],[120.5442528,30.2029301],[120.5446175,30.2026917],[120.5449361,30.2024995],[120.5451693,30.2023885],[120.5454717,30.2022407],[120.5458082,30.2020673],[120.5460995,30.2019401],[120.546495,30.2017444],[120.5469904,30.2015104],[120.5473142,30.2013541],[120.5475909,30.2012149],[120.5478104,30.2011081],[120.5480436,30.2009842],[120.5482794,30.2008476],[120.5485502,30.2006793],[120.5487483,30.2005315],[120.5488167,30.2004478],[120.548846,30.2004002],[120.5485897,30.2002397],[120.5485112,30.2002841],[120.548395,30.200197],[120.5484018,30.2001337],[120.5482788,30.2000688],[120.548219,30.20005],[120.5480567,30.2002533],[120.5479047,30.2003951],[120.5477902,30.2004874],[120.5475408,30.2006138],[120.5471684,30.2007915],[120.5466712,30.2010016],[120.5459862,30.2012732],[120.5454036,30.2015158],[120.5449834,30.2016884],[120.5446502,30.2018301],[120.5441616,30.2020317],[120.5437875,30.202177],[120.5436543,30.2021923],[120.5434766,30.202194],[120.5433337,30.2024765],[120.5432977,30.2025501]]]}},{"type":"Feature","properties":{"parcelId":"BH-0140","sourceId":"140","sourceName":"评价单元","areaMu":0.7},"geometry":{"type":"Polygon","coordinates":[[[120.5785196,30.1978571],[120.578607,30.1977055],[120.5787671,30.1974387],[120.5788223,30.1974595],[120.5802163,30.1983718],[120.5810466,30.1989048],[120.5814258,30.1991406],[120.5817586,30.1993],[120.5819055,30.1994283],[120.5819056,30.1994208],[120.5818544,30.198916],[120.581798,30.198816],[120.5816981,30.1987161],[120.5813701,30.1983958],[120.5810805,30.1981677],[120.5807704,30.1979371],[120.5803245,30.1977782],[120.5796967,30.1975655],[120.5792098,30.1973887],[120.5789638,30.197299],[120.5788767,30.1972452],[120.5788613,30.1971683],[120.5788716,30.1970812],[120.5788844,30.1970094],[120.5788998,30.1969197],[120.578787,30.1968762],[120.5785333,30.1967557],[120.5781284,30.1964943],[120.5775544,30.1960485],[120.5772546,30.1957794],[120.5769702,30.1955334],[120.5764551,30.1949568],[120.5763782,30.1950004],[120.5762168,30.1948236],[120.5761707,30.1949389],[120.5761553,30.1951208],[120.5761937,30.1952361],[120.5762655,30.1953156],[120.5764602,30.1955462],[120.5767114,30.1958614],[120.5768241,30.1959844],[120.5769907,30.1961945],[120.5771624,30.1964149],[120.5773597,30.1966122],[120.5775339,30.1968019],[120.5777107,30.1970402],[120.5778824,30.1972195],[120.5781208,30.197463],[120.5783437,30.1976936],[120.5784795,30.1978269],[120.5785196,30.1978571]]]}},{"type":"Feature","properties":{"parcelId":"BH-0141","sourceId":"141","sourceName":"评价单元","areaMu":0.7},"geometry":{"type":"Polygon","coordinates":[[[120.5372971,30.2308086],[120.5371349,30.2312449],[120.5368129,30.2318246],[120.5374829,30.2315962],[120.5381107,30.2314168],[120.5383516,30.2313989],[120.5385796,30.2314501],[120.5387846,30.2315347],[120.5394432,30.2303892],[120.5392971,30.23032],[120.5391613,30.2302688],[120.5387154,30.2303559],[120.5372971,30.2308086]]]}},{"type":"Feature","properties":{"parcelId":"BH-0142","sourceId":"142","sourceName":"评价单元","areaMu":0.72},"geometry":{"type":"Polygon","coordinates":[[[120.5269146,30.2177917],[120.5256145,30.217122],[120.5254078,30.21704],[120.5253736,30.2170332],[120.525336,30.2170724],[120.5252848,30.2171186],[120.5251532,30.2173355],[120.5251208,30.2174005],[120.5251686,30.2174449],[120.5250729,30.2176072],[120.5250149,30.2175901],[120.5249892,30.2176533],[120.5255684,30.2179386],[120.5260604,30.2182136],[120.526344,30.218434],[120.5268411,30.2189038],[120.5271947,30.2192301],[120.5278029,30.2198246],[120.5284162,30.2204311],[120.5290107,30.2210205],[120.5295352,30.2215176],[120.5297897,30.2217687],[120.5300494,30.2220318],[120.5304628,30.2224675],[120.5306661,30.2226383],[120.5310676,30.2230005],[120.5317168,30.2235608],[120.5321541,30.2239418],[120.5323386,30.2240921],[120.5324582,30.2241707],[120.5325248,30.2242527],[120.5325727,30.2242732],[120.532653,30.2242066],[120.5327811,30.2239059],[120.5328426,30.2237214],[120.5329178,30.223554],[120.5329639,30.2234652],[120.5329998,30.2233644],[120.533022,30.2233182],[120.5328955,30.2232157],[120.5325693,30.2230107],[120.532284,30.2227698],[120.531604,30.2221941],[120.5303057,30.2210615],[120.5300392,30.2208309],[120.5294037,30.2202227],[120.5290346,30.2198537],[120.5283462,30.2191686],[120.5270854,30.2179403],[120.5269146,30.2177917]]]}},{"type":"Feature","properties":{"parcelId":"BH-0143","sourceId":"143","sourceName":"评价单元","areaMu":0.7},"geometry":{"type":"Polygon","coordinates":[[[120.5225199,30.2227714],[120.5215547,30.2222674],[120.5214927,30.2222314],[120.5214236,30.2222257],[120.5211545,30.2222077],[120.5209495,30.2222],[120.520865,30.222159],[120.5207317,30.222136],[120.5206395,30.2222974],[120.5206677,30.222341],[120.5206062,30.2225409],[120.5205523,30.2225357],[120.5204883,30.2228125],[120.5211494,30.2229662],[120.5218849,30.2231226],[120.5223871,30.2232148],[120.5224871,30.2232558],[120.5225768,30.2233071],[120.5230585,30.2237196],[120.5233532,30.223981],[120.5238093,30.2243628],[120.52394,30.2245012],[120.524227,30.2252136],[120.5246268,30.2262335],[120.5251243,30.2276086],[120.5252907,30.2276918],[120.5255709,30.2278148],[120.5260219,30.2279651],[120.5262747,30.2280608],[120.5263182,30.2281009],[120.5261951,30.227789],[120.5258491,30.2268972],[120.5256287,30.2263386],[120.5254622,30.2259055],[120.5251906,30.2253161],[120.5245839,30.2239833],[120.524493,30.2239331],[120.5234509,30.2232839],[120.5225199,30.2227714]]]}},{"type":"Feature","properties":{"parcelId":"BH-0144","sourceId":"144","sourceName":"评价单元","areaMu":0.7},"geometry":{"type":"Polygon","coordinates":[[[120.5649403,30.2090064],[120.5659585,30.2073049],[120.5668981,30.2056717],[120.567783,30.2041068],[120.5672534,30.2036045],[120.5667478,30.2031091],[120.5662182,30.2026034],[120.5661191,30.2025249],[120.5660507,30.2026],[120.5659756,30.2027811],[120.5657227,30.2031399],[120.5647216,30.2047389],[120.5639665,30.2059894],[120.5636966,30.2064131],[120.5634711,30.2068539],[120.5631363,30.2074313],[120.5632729,30.2075235],[120.5631397,30.2077764],[120.5630269,30.2077046],[120.5630098,30.2077627],[120.5630474,30.207855],[120.5631397,30.2079336],[120.5640246,30.2084631],[120.5641305,30.2083709],[120.5642809,30.2084631],[120.564274,30.2086271],[120.5649403,30.2090064]]]}},{"type":"Feature","properties":{"parcelId":"BH-0145","sourceId":"145","sourceName":"评价单元","areaMu":0.7},"geometry":{"type":"Polygon","coordinates":[[[120.5851474,30.23456],[120.5836978,30.2360366],[120.5834418,30.2366278],[120.5831548,30.2372761],[120.5830753,30.2375067],[120.5831112,30.2375452],[120.5833239,30.2376631],[120.583493,30.237763],[120.5836237,30.237804],[120.5836724,30.2377732],[120.5837544,30.2376605],[120.5837928,30.2375631],[120.5844309,30.2362075],[120.5848102,30.2353388],[120.5851474,30.23456]]]}},{"type":"Feature","properties":{"parcelId":"BH-0146","sourceId":"146","sourceName":"评价单元","areaMu":0.7},"geometry":{"type":"Polygon","coordinates":[[[120.5851474,30.23456],[120.5852074,30.2344214],[120.5853252,30.2341062],[120.5853688,30.2337526],[120.585274,30.2334784],[120.5851407,30.2331863],[120.5847435,30.2324278],[120.583985,30.2310491],[120.5834213,30.2299293],[120.5827986,30.2286711],[120.5823604,30.2277921],[120.5822579,30.2276614],[120.5821502,30.2276204],[120.5820734,30.2276819],[120.5819452,30.2279587],[120.5820324,30.2280868],[120.5819247,30.2282457],[120.581794,30.2282124],[120.5817095,30.2283277],[120.5816223,30.2285225],[120.5815429,30.2286506],[120.581548,30.2287172],[120.5815993,30.2287403],[120.5818273,30.2291093],[120.5821938,30.2297012],[120.5826064,30.2303726],[120.5830215,30.2311004],[120.5833264,30.2316718],[120.5834289,30.2317897],[120.5836032,30.2320946],[120.5839235,30.2325354],[120.5841951,30.2329762],[120.5844002,30.233276],[120.584495,30.2335015],[120.5845308,30.2337142],[120.5844796,30.2340729],[120.5844104,30.2343189],[120.5843053,30.234629],[120.5840235,30.2352722],[120.583716,30.2359948],[120.5836978,30.2360366],[120.5851474,30.23456]]]}},{"type":"Feature","properties":{"parcelId":"BH-0147","sourceId":"147","sourceName":"评价单元","areaMu":0.7},"geometry":{"type":"Polygon","coordinates":[[[120.5374903,30.2158887],[120.5374488,30.2159968],[120.5373565,30.2163043],[120.5371617,30.2167143],[120.5368235,30.2172781],[120.5362905,30.2181186],[120.5361431,30.2184217],[120.5357465,30.2182017],[120.5356201,30.2185528],[120.5354976,30.2188489],[120.5357882,30.2190104],[120.5356447,30.2191641],[120.5352099,30.2196742],[120.5352153,30.2196956],[120.5353673,30.2197264],[120.5355006,30.2197435],[120.5356372,30.219723],[120.5359259,30.2196324],[120.5361788,30.2195402],[120.5367835,30.2193506],[120.5371286,30.2192156],[120.5373541,30.2190772],[120.5374788,30.2189884],[120.5377368,30.218739],[120.5380699,30.2183255],[120.5382784,30.2180744],[120.5385893,30.2176695],[120.5390403,30.2170972],[120.5393034,30.2167231],[120.5393307,30.2166462],[120.5393068,30.2166018],[120.5374903,30.2158887]]]}},{"type":"Feature","properties":{"parcelId":"BH-0148","sourceId":"148","sourceName":"评价单元","areaMu":0.7},"geometry":{"type":"Polygon","coordinates":[[[120.5462356,30.2144665],[120.5462575,30.2144556],[120.5464242,30.2145062],[120.5473549,30.2148888],[120.548123,30.2152114],[120.5485002,30.2153781],[120.548585,30.2154396],[120.5486137,30.2154082],[120.548559,30.2153303],[120.5486328,30.215184],[120.5487572,30.2151963],[120.5490947,30.2146005],[120.5494911,30.2138884],[120.5498724,30.213231],[120.5501211,30.2127759],[120.5501621,30.2127322],[120.5501976,30.2126816],[120.5501498,30.2126365],[120.5500418,30.2125983],[120.5497794,30.2125545],[120.5495813,30.212519],[120.5495239,30.2125135],[120.5487244,30.2126639],[120.5482501,30.2127582],[120.5475203,30.2128894],[120.5469285,30.2130028],[120.546088,30.2132597],[120.5454033,30.2134675],[120.5450397,30.2139089],[120.5445204,30.2145267],[120.5439109,30.2152483],[120.5434052,30.215851],[120.5430416,30.2162774],[120.5428161,30.2165384],[120.5425712,30.2168425],[120.5423303,30.2171791],[120.5433724,30.2177035],[120.5436679,30.2173379],[120.5440967,30.2168493],[120.5443769,30.2165026],[120.5447596,30.2160806],[120.545091,30.2156928],[120.5454122,30.2153289],[120.5457556,30.2149496],[120.5462356,30.2144665]]]}},{"type":"Feature","properties":{"parcelId":"BH-0149","sourceId":"149","sourceName":"评价单元","areaMu":0.7},"geometry":{"type":"Polygon","coordinates":[[[120.5537742,30.221926],[120.5538203,30.2219192],[120.5539689,30.2219345],[120.5540099,30.2218816],[120.5540971,30.2217176],[120.5545857,30.2204927],[120.554478,30.2203714],[120.554355,30.2200673],[120.5538562,30.2188578],[120.5538972,30.2181112],[120.5539365,30.2174996],[120.5540373,30.2166386],[120.5542038,30.215254],[120.5543508,30.2140957],[120.5543676,30.2133831],[120.5543911,30.21272],[120.554386,30.2124401],[120.5543348,30.2121459],[120.5541554,30.2111814],[120.5540016,30.2102415],[120.5539576,30.2100447],[120.5539248,30.2099545],[120.5536562,30.2096674],[120.5532759,30.2092708],[120.5530176,30.2090565],[120.5529782,30.2090613],[120.5528637,30.2092492],[120.5526399,30.209637],[120.5521821,30.2103375],[120.5522641,30.2104827],[120.5521872,30.210604],[120.5520061,30.2105681],[120.5510804,30.212157],[120.5508208,30.2125957],[120.5504436,30.2132312],[120.5504764,30.2132968],[120.55068,30.2134143],[120.5509192,30.2136426],[120.5510577,30.2137646],[120.5518983,30.2141131],[120.5521955,30.2142669],[120.5525235,30.2144616],[120.552544,30.2146666],[120.5521121,30.2155192],[120.5524058,30.2165498],[120.5526655,30.2174945],[120.5528876,30.2183982],[120.5530806,30.219249],[120.5532378,30.2200058],[120.5532156,30.2207609],[120.5531848,30.2210667],[120.5531404,30.2214032],[120.5530738,30.2218013],[120.5530174,30.2219807],[120.5534462,30.2221703],[120.5535401,30.2222045],[120.5535726,30.2222045],[120.5537503,30.2219499],[120.5537742,30.221926]]]}},{"type":"Feature","properties":{"parcelId":"BH-0150","sourceId":"150","sourceName":"评价单元","areaMu":0.7},"geometry":{"type":"Polygon","coordinates":[[[120.5397618,30.2175425],[120.5400557,30.2169564],[120.5399869,30.216914],[120.5394847,30.2167167],[120.5393656,30.2168632],[120.5392323,30.2171756],[120.5389555,30.2177188],[120.5384943,30.2186516],[120.538156,30.2192256],[120.5378325,30.21983],[120.5377481,30.2199988],[120.5375987,30.2200248],[120.5371962,30.2198625],[120.5369755,30.2197197],[120.5367159,30.2197846],[120.5365276,30.2200313],[120.5363134,30.2203559],[120.5361576,30.220648],[120.5361877,30.2207886],[120.5367376,30.2206502],[120.5373911,30.2204452],[120.5378216,30.2203402],[120.5381598,30.2198789],[120.5390414,30.2186002],[120.5397618,30.2175425]]]}},{"type":"Feature","properties":{"parcelId":"BH-0151","sourceId":"151","sourceName":"评价单元","areaMu":0.7},"geometry":{"type":"Polygon","coordinates":[[[120.5400557,30.2169564],[120.5397618,30.2175425],[120.5398844,30.2173625],[120.5400612,30.2170755],[120.5401151,30.2170063],[120.5400869,30.2169755],[120.5400557,30.2169564]]]}},{"type":"Feature","properties":{"parcelId":"BH-0152","sourceId":"152","sourceName":"评价单元","areaMu":0.7},"geometry":{"type":"Polygon","coordinates":[[[120.5823453,30.2261272],[120.5824396,30.2259632],[120.5825544,30.2259868],[120.5826149,30.2258351],[120.5827686,30.225506],[120.5829336,30.2251657],[120.5829388,30.2251216],[120.5829224,30.225095],[120.582783,30.2249812],[120.5826559,30.2248408],[120.580876,30.2232512],[120.5805429,30.2229591],[120.5799422,30.222424],[120.5793877,30.2219382],[120.5787009,30.2213365],[120.5779455,30.2206723],[120.5775918,30.220372],[120.5774207,30.2202326],[120.5773756,30.2202151],[120.5772977,30.2203443],[120.5774867,30.2205316],[120.5773791,30.220669],[120.5771659,30.2205931],[120.5771228,30.2206751],[120.5769537,30.2209929],[120.5769609,30.221041],[120.5770039,30.2210902],[120.5771464,30.2212184],[120.5774939,30.2215699],[120.5778885,30.2219564],[120.5782493,30.2223008],[120.5787536,30.2228],[120.5791052,30.2231413],[120.5794845,30.2235195],[120.5797766,30.2237901],[120.5801456,30.2241346],[120.5806161,30.2245743],[120.5811727,30.2250919],[120.581475,30.2253748],[120.5818543,30.2257038],[120.5820142,30.2258576],[120.5821813,30.225996],[120.5823453,30.2261272]]]}},{"type":"Feature","properties":{"parcelId":"BH-0153","sourceId":"153","sourceName":"评价单元","areaMu":0.7},"geometry":{"type":"Polygon","coordinates":[[[120.5489202,30.2220045],[120.5488663,30.2221501],[120.5487091,30.2223209],[120.5485041,30.2226626],[120.5483538,30.2229086],[120.5482167,30.2231696],[120.548518,30.2235363],[120.5494426,30.2247172],[120.5501986,30.2257038],[120.5507175,30.2263679],[120.5507666,30.2264192],[120.5508008,30.2264256],[120.5508456,30.2264042],[120.5513283,30.2254689],[120.5506808,30.2245327],[120.5489306,30.2220245],[120.5489202,30.2220045]]]}},{"type":"Feature","properties":{"parcelId":"BH-0154","sourceId":"154","sourceName":"评价单元","areaMu":0.7},"geometry":{"type":"Polygon","coordinates":[[[120.5225846,30.226105],[120.5226359,30.2261184],[120.5232543,30.2263387],[120.5234799,30.2264344],[120.523596,30.2265164],[120.5236234,30.2266258],[120.5236234,30.2267146],[120.5237122,30.2268376],[120.5237911,30.2268833],[120.5231562,30.2252207],[120.5231083,30.2251455],[120.521076,30.2241355],[120.5208674,30.2244887],[120.5202934,30.224188],[120.5200917,30.2246455],[120.5200047,30.2246018],[120.5200024,30.2246006],[120.5199584,30.2247898],[120.5199862,30.2248667],[120.5199819,30.2249499],[120.5200951,30.225014],[120.520019,30.2251562],[120.5198802,30.2251519],[120.5198823,30.2252096],[120.5199635,30.2252416],[120.5205272,30.2254061],[120.5211657,30.2256239],[120.5216953,30.2257734],[120.5223103,30.225972],[120.5225474,30.2260702],[120.5225846,30.226105]]]}},{"type":"Feature","properties":{"parcelId":"BH-0155","sourceId":"155","sourceName":"评价单元","areaMu":0.7},"geometry":{"type":"Polygon","coordinates":[[[120.5462176,30.2232985],[120.5449198,30.2226202],[120.5448685,30.2226535],[120.5449479,30.2227662],[120.5448711,30.222943],[120.544684,30.2228867],[120.5438589,30.2242961],[120.5440254,30.2245267],[120.544766,30.2247112],[120.545176,30.2248368],[120.5456382,30.2249989],[120.5456597,30.2249581],[120.5458049,30.2246079],[120.5458732,30.2239843],[120.5460868,30.2235572],[120.5462176,30.2232985]]]}},{"type":"Feature","properties":{"parcelId":"BH-0156","sourceId":"156","sourceName":"评价单元","areaMu":0.7},"geometry":{"type":"Polygon","coordinates":[[[120.5384704,30.2106801],[120.5385422,30.2105298],[120.538655,30.2105571],[120.539164,30.2093989],[120.5389625,30.2093305],[120.5385285,30.209269],[120.5371106,30.2091597],[120.5354193,30.2090025],[120.5350981,30.2089069],[120.5348009,30.2096073],[120.5360958,30.2106699],[120.5365263,30.2107109],[120.5380297,30.2107382],[120.5382108,30.2107792],[120.5384568,30.2108817],[120.5385388,30.2107519],[120.5384704,30.2106801]]]}},{"type":"Feature","properties":{"parcelId":"BH-0157","sourceId":"157","sourceName":"评价单元","areaMu":0.7},"geometry":{"type":"Polygon","coordinates":[[[120.5509681,30.2177774],[120.5509655,30.2177827],[120.5502723,30.2190711],[120.550295,30.2191464],[120.5503052,30.2192045],[120.5499704,30.2206088],[120.5504043,30.2207933],[120.5504898,30.2206959],[120.5506862,30.2207898],[120.5506623,30.2209248],[120.5510826,30.2211008],[120.55125,30.2211725],[120.5512995,30.2211657],[120.5513388,30.2211332],[120.5513559,30.2210751],[120.5513747,30.2209573],[120.5514071,30.2207898],[120.5514413,30.2205319],[120.551496,30.2201407],[120.551525,30.2199596],[120.5515182,30.2198759],[120.5514447,30.2192301],[120.5514259,30.2190456],[120.5512449,30.2185451],[120.5509681,30.2177774]]]}},{"type":"Feature","properties":{"parcelId":"BH-0158","sourceId":"158","sourceName":"评价单元","areaMu":0.7},"geometry":{"type":"Polygon","coordinates":[[[120.5380281,30.2284853],[120.5382283,30.2286055],[120.5382112,30.2288532],[120.5379806,30.2292119],[120.537817,30.2295392],[120.5382652,30.2293416],[120.5388153,30.2290853],[120.5393671,30.2288273],[120.5396985,30.2286599],[120.5398608,30.2286172],[120.5400522,30.228595],[120.5402076,30.2286428],[120.5403904,30.2287265],[120.5404366,30.2287248],[120.5404895,30.2286685],[120.5409029,30.2280124],[120.5414308,30.2271053],[120.5414223,30.2270797],[120.5412737,30.2269943],[120.5411848,30.2269584],[120.5408107,30.2269584],[120.540551,30.2269481],[120.5401649,30.2271753],[120.5397361,30.2274419],[120.5389041,30.2279492],[120.5381149,30.2284327],[120.5380281,30.2284853]]]}},{"type":"Feature","properties":{"parcelId":"BH-0159","sourceId":"159","sourceName":"评价单元","areaMu":0.7},"geometry":{"type":"Polygon","coordinates":[[[120.5373844,30.212917],[120.5374322,30.2127571],[120.5375402,30.2127844],[120.5375744,30.2126997],[120.5376104,30.2126343],[120.537615,30.2126174],[120.5376073,30.2125953],[120.5375884,30.2125753],[120.5374476,30.2125198],[120.5373323,30.2124839],[120.5370974,30.2124446],[120.536942,30.2124233],[120.5367122,30.2123729],[120.5363389,30.212302],[120.5360835,30.2122644],[120.5358119,30.2122166],[120.5355941,30.2121722],[120.535337,30.2120944],[120.5351653,30.2120321],[120.5350969,30.2120141],[120.5347783,30.2119971],[120.5346818,30.2119766],[120.5345964,30.2119509],[120.5345093,30.2119142],[120.5343632,30.2118672],[120.5342761,30.2118271],[120.5341351,30.211728],[120.5340172,30.2116332],[120.5338507,30.2114504],[120.5337173,30.211373],[120.5336284,30.2114345],[120.5335054,30.2115534],[120.5334385,30.2116299],[120.5332977,30.2116368],[120.5332225,30.2116655],[120.5331747,30.2117297],[120.5329902,30.2121479],[120.5341754,30.2127434],[120.5364181,30.2136386],[120.5366218,30.2137302],[120.5367789,30.2137944],[120.5369306,30.213871],[120.5370167,30.2139079],[120.5370687,30.2138901],[120.5371192,30.2137944],[120.5371288,30.2137316],[120.5372053,30.2135648],[120.5374623,30.2129908],[120.5373844,30.212917]]]}},{"type":"Feature","properties":{"parcelId":"BH-0160","sourceId":"160","sourceName":"评价单元","areaMu":0.7},"geometry":{"type":"Polygon","coordinates":[[[120.5524763,30.222339],[120.5518463,30.2219781],[120.5517865,30.2220507],[120.5515943,30.2219717],[120.5515986,30.2218649],[120.5515046,30.2217859],[120.5511288,30.2216044],[120.5510455,30.2217795],[120.5508191,30.2216877],[120.5507807,30.2217197],[120.550691,30.2219695],[120.5506355,30.2221852],[120.550612,30.2223539],[120.550738,30.222717],[120.5509216,30.2229882],[120.5510199,30.2231697],[120.5512932,30.2234537],[120.5515708,30.2237826],[120.5518015,30.2239683],[120.551968,30.2240965],[120.5520833,30.2241926],[120.5522435,30.2240089],[120.5525638,30.2234494],[120.5528542,30.2230245],[120.5529973,30.222843],[120.5530614,30.2227661],[120.5530528,30.2226977],[120.5530144,30.2226486],[120.5527624,30.2225141],[120.5524763,30.222339]]]}},{"type":"Feature","properties":{"parcelId":"BH-0161","sourceId":"161","sourceName":"评价单元","areaMu":0.7},"geometry":{"type":"Polygon","coordinates":[[[120.5277138,30.2297898],[120.5275737,30.2297006],[120.5274584,30.2295699],[120.5273713,30.2294469],[120.527238,30.2293214],[120.5267947,30.2288268],[120.5265333,30.2285142],[120.5263704,30.2282177],[120.5263773,30.2282931],[120.5263362,30.228464],[120.5262337,30.22871],[120.5261791,30.2289081],[120.5261654,30.229038],[120.5261381,30.2291883],[120.5260827,30.2292305],[120.5265513,30.2299107],[120.5267793,30.2302516],[120.5269382,30.2303976],[120.5271073,30.2305104],[120.5272867,30.2305949],[120.5275327,30.2307103],[120.5275584,30.230723],[120.5275458,30.2304901],[120.5276073,30.2302031],[120.527679,30.2299058],[120.5277138,30.2297898]]]}},{"type":"Feature","properties":{"parcelId":"BH-0162","sourceId":"162","sourceName":"评价单元","areaMu":0.7},"geometry":{"type":"Polygon","coordinates":[[[120.5198023,30.2271196],[120.5196165,30.2270662],[120.5195738,30.2270705],[120.5195012,30.2273481],[120.5194115,30.2277133],[120.5192407,30.2284372],[120.5192855,30.2284927],[120.5192364,30.228655],[120.5191809,30.2286721],[120.5192257,30.2287597],[120.5194179,30.2288472],[120.519719,30.2289946],[120.5200116,30.2291398],[120.5203041,30.229285],[120.5205262,30.2294046],[120.5208487,30.2295626],[120.5210387,30.2297057],[120.5211455,30.2298295],[120.5213569,30.2300836],[120.5215272,30.230275],[120.5227111,30.2305413],[120.5233241,30.2306822],[120.523281,30.230594],[120.523108,30.2302609],[120.5228603,30.2297825],[120.5224396,30.2289305],[120.5222901,30.2286443],[120.5221769,30.228418],[120.5221364,30.2282706],[120.5220616,30.2281276],[120.5219612,30.2280464],[120.5219121,30.2279759],[120.5216751,30.2278606],[120.5210836,30.2276407],[120.5206095,30.2274421],[120.5202251,30.2272905],[120.5199774,30.2271922],[120.5198023,30.2271196]]]}},{"type":"Feature","properties":{"parcelId":"BH-0163","sourceId":"163","sourceName":"评价单元","areaMu":0.7},"geometry":{"type":"Polygon","coordinates":[[[120.5868436,30.218411],[120.5865003,30.2199066],[120.5871069,30.2202972],[120.5875921,30.220632],[120.5879816,30.2208746],[120.5881627,30.2209669],[120.5883472,30.2210762],[120.5884429,30.2211035],[120.5885419,30.2209669],[120.5885829,30.2206389],[120.5885932,30.2199213],[120.5886342,30.2193952],[120.5886569,30.2192571],[120.588682,30.2191047],[120.5886205,30.2190467],[120.5884429,30.2189852],[120.5882653,30.2188786],[120.5873229,30.2186075],[120.5868436,30.218411]]]}},{"type":"Feature","properties":{"parcelId":"BH-0164","sourceId":"164","sourceName":"评价单元","areaMu":0.7},"geometry":{"type":"Polygon","coordinates":[[[120.5868436,30.218411],[120.5864182,30.2182366],[120.5862874,30.2183665],[120.5862322,30.2184214],[120.5863689,30.2186332],[120.5860341,30.2189271],[120.5858325,30.2187733],[120.5854976,30.2191799],[120.5858359,30.2194396],[120.5863108,30.2197847],[120.5865003,30.2199066],[120.5868436,30.218411]]]}},{"type":"Feature","properties":{"parcelId":"BH-0165","sourceId":"165","sourceName":"评价单元","areaMu":0.7},"geometry":{"type":"Polygon","coordinates":[[[120.5855132,30.2242071],[120.5853994,30.2247026],[120.5854691,30.224732],[120.5854879,30.224609],[120.5855152,30.2243356],[120.5855132,30.2242071]]]}},{"type":"Feature","properties":{"parcelId":"BH-0166","sourceId":"166","sourceName":"评价单元","areaMu":0.7},"geometry":{"type":"Polygon","coordinates":[[[120.5855132,30.2242071],[120.5855118,30.2241238],[120.5853546,30.2237155],[120.5851103,30.2234985],[120.584726,30.2231928],[120.58421,30.2227742],[120.5835455,30.2222634],[120.5834174,30.222178],[120.5833746,30.222178],[120.5832739,30.2223403],[120.5831081,30.2225931],[120.582828,30.2230595],[120.582874,30.2231055],[120.582951,30.2229764],[120.5830543,30.2230421],[120.582973,30.2232017],[120.5829886,30.2232167],[120.5832653,30.223379],[120.5836309,30.223654],[120.5842664,30.2240504],[120.585136,30.2245663],[120.5852436,30.2244569],[120.5853786,30.2245287],[120.5853598,30.2246859],[120.5853994,30.2247026],[120.5855132,30.2242071]]]}},{"type":"Feature","properties":{"parcelId":"BH-0167","sourceId":"167","sourceName":"评价单元","areaMu":0.7},"geometry":{"type":"Polygon","coordinates":[[[120.5489202,30.2220045],[120.5488302,30.2218302],[120.5486722,30.2213348],[120.5488058,30.2206215],[120.5480165,30.2202741],[120.5479642,30.2203919],[120.5477695,30.2203099],[120.5477962,30.2201965],[120.5477833,30.2201911],[120.5476499,30.2205163],[120.5475218,30.2208238],[120.5473681,30.2212509],[120.5470125,30.2217621],[120.5470253,30.2217724],[120.5477215,30.2225668],[120.5482167,30.2231696],[120.5483538,30.2229086],[120.5485041,30.2226626],[120.5487091,30.2223209],[120.5488663,30.2221501],[120.5489202,30.2220045]]]}},{"type":"Feature","properties":{"parcelId":"BH-0168","sourceId":"168","sourceName":"评价单元","areaMu":0.7},"geometry":{"type":"Polygon","coordinates":[[[120.5270112,30.2249698],[120.5269958,30.2250093],[120.526842,30.2251289],[120.5259141,30.2247138],[120.5259988,30.2248779],[120.5261653,30.2251931],[120.5263729,30.2255749],[120.5264985,30.225885],[120.526724,30.2263719],[120.5268034,30.2265461],[120.5269597,30.2268229],[120.5274586,30.2277958],[120.5277251,30.228322],[120.5279096,30.2286705],[120.5284699,30.2290736],[120.5288868,30.229306],[120.529186,30.2294434],[120.5294318,30.2294958],[120.5301801,30.2297111],[120.5304644,30.2298006],[120.5306703,30.2292172],[120.5292489,30.2286295],[120.5291191,30.228527],[120.5270112,30.2249698]]]}},{"type":"Feature","properties":{"parcelId":"BH-0169","sourceId":"169","sourceName":"评价单元","areaMu":0.7},"geometry":{"type":"Polygon","coordinates":[[[120.5798517,30.2306848],[120.5799286,30.2305417],[120.5800802,30.2305823],[120.5802169,30.2302214],[120.5803472,30.2299673],[120.5804475,30.2297537],[120.5804646,30.2296939],[120.5803237,30.2294782],[120.5800055,30.2290938],[120.5796873,30.2287949],[120.5795506,30.2286646],[120.5785854,30.2280261],[120.577539,30.2274346],[120.5765525,30.2269178],[120.5758008,30.2265825],[120.5750811,30.226275],[120.5745686,30.2260615],[120.5743401,30.2259526],[120.5742675,30.2259035],[120.5742163,30.2259077],[120.57418,30.2259334],[120.5740091,30.2262793],[120.573755,30.2267085],[120.5736824,30.2268858],[120.5737892,30.2269691],[120.573723,30.2271506],[120.5736055,30.2271399],[120.573518,30.227125],[120.5734838,30.227236],[120.5734923,30.2272894],[120.5737678,30.2273342],[120.5741116,30.2273748],[120.5746092,30.2274837],[120.5751324,30.2276247],[120.5754036,30.2277506],[120.5758712,30.2279877],[120.5762727,30.2281735],[120.5766571,30.2283806],[120.5769262,30.2285365],[120.5773597,30.2287863],[120.5780088,30.2291622],[120.5785641,30.2294953],[120.5788481,30.2296704],[120.5791513,30.2299971],[120.5795998,30.2304947],[120.5798005,30.2306997],[120.5798581,30.2307446],[120.579871,30.2307211],[120.5798517,30.2306848]]]}},{"type":"Feature","properties":{"parcelId":"BH-0170","sourceId":"170","sourceName":"评价单元","areaMu":0.7},"geometry":{"type":"Polygon","coordinates":[[[120.5498418,30.215463],[120.5496287,30.2153333],[120.5494784,30.2152513],[120.5492888,30.2151283],[120.5492307,30.2151744],[120.5491777,30.2152872],[120.5490667,30.2154358],[120.5487558,30.2159859],[120.5482569,30.2168025],[120.5480878,30.2171049],[120.5481322,30.2171613],[120.5482193,30.2172518],[120.5484807,30.2174756],[120.5487642,30.2177181],[120.5489154,30.2173214],[120.5493357,30.2165219],[120.5495407,30.2160709],[120.549756,30.2156301],[120.5498418,30.215463]]]}},{"type":"Feature","properties":{"parcelId":"BH-0171","sourceId":"171","sourceName":"评价单元","areaMu":0.7},"geometry":{"type":"Polygon","coordinates":[[[120.5281348,30.2230266],[120.5278932,30.2226562],[120.5275677,30.2222795],[120.5271522,30.221778],[120.5269018,30.2216353],[120.5251593,30.2206274],[120.5237499,30.2197988],[120.5235364,30.2196622],[120.5234563,30.2196835],[120.5234061,30.2197169],[120.5234215,30.2198143],[120.5233446,30.2198938],[120.5232883,30.2198707],[120.5232345,30.2199014],[120.5232678,30.2199373],[120.5233404,30.2199877],[120.5235368,30.2200766],[120.5238256,30.2201927],[120.5248489,30.2206096],[120.5252281,30.2207787],[120.5254229,30.2208932],[120.5256193,30.2211409],[120.5261096,30.2217798],[120.5266563,30.2225127],[120.5270424,30.223044],[120.5272816,30.2233976],[120.5274691,30.2236662],[120.5275339,30.223711],[120.5277979,30.2238038],[120.5281148,30.2230703],[120.5281348,30.2230266]]]}},{"type":"Feature","properties":{"parcelId":"BH-0172","sourceId":"172","sourceName":"评价单元","areaMu":0.7},"geometry":{"type":"Polygon","coordinates":[[[120.5373342,30.2343742],[120.5369897,30.2342089],[120.5361099,30.2335853],[120.5361099,30.2331326],[120.5361374,30.2330805],[120.5357415,30.2332023],[120.5346601,30.2335226],[120.5344628,30.2336071],[120.53435,30.2336866],[120.5343372,30.233766],[120.5345397,30.233825],[120.5345627,30.2339275],[120.5352264,30.2341068],[120.5357748,30.23434],[120.5364154,30.2346245],[120.5366435,30.2347398],[120.5366999,30.2346604],[120.5367845,30.2347065],[120.5367435,30.2347808],[120.5368357,30.2348115],[120.5369049,30.23485],[120.5370535,30.234791],[120.537174,30.234645],[120.5373342,30.2343742]]]}},{"type":"Feature","properties":{"parcelId":"BH-0173","sourceId":"173","sourceName":"评价单元","areaMu":0.7},"geometry":{"type":"Polygon","coordinates":[[[120.5618622,30.2076101],[120.5610524,30.2071522],[120.5609807,30.207224],[120.560803,30.2071351],[120.5608235,30.2070019],[120.5603247,30.206708],[120.5602666,30.2068105],[120.5601777,30.2067627],[120.5602427,30.2066534],[120.5601265,30.2065816],[120.5600616,30.206691],[120.5599796,30.2068447],[120.5599147,30.2071044],[120.5598497,30.2073333],[120.5597746,30.2076032],[120.5597206,30.2078246],[120.5597138,30.2079996],[120.5596823,30.2088414],[120.5596509,30.2098159],[120.5596386,30.209969],[120.5593953,30.210953],[120.5592532,30.2115188],[120.5591641,30.211918],[120.559569,30.2121665],[120.5596765,30.2120796],[120.5619237,30.2082592],[120.5620296,30.2080781],[120.5620774,30.2079517],[120.562033,30.2078116],[120.5619852,30.2077057],[120.5618622,30.2076101]]]}},{"type":"Feature","properties":{"parcelId":"BH-0174","sourceId":"174","sourceName":"评价单元","areaMu":0.7},"geometry":{"type":"Polygon","coordinates":[[[120.5630205,30.2136973],[120.5631393,30.2134272],[120.5632247,30.2131163],[120.5632247,30.2128464],[120.5631905,30.2125867],[120.5632588,30.2122929],[120.5633648,30.2118965],[120.5635561,30.2114011],[120.5636073,30.2112894],[120.5635331,30.2112234],[120.5634613,30.2111312],[120.5632973,30.2110184],[120.5631026,30.2109774],[120.5628258,30.2109467],[120.5626721,30.2108339],[120.5625901,30.2107314],[120.5622309,30.2105688],[120.5618333,30.2114447],[120.5616923,30.2113828],[120.5617657,30.2114353],[120.5618375,30.2115412],[120.5618375,30.211712],[120.5618511,30.2119],[120.5617965,30.2123271],[120.5617452,30.2126653],[120.5617128,30.212867],[120.5619033,30.213048],[120.562098,30.2132325],[120.5622518,30.2133862],[120.5624773,30.21354],[120.5626208,30.213663],[120.5628668,30.2137245],[120.5628918,30.2137274],[120.5630205,30.2136973]]]}},{"type":"Feature","properties":{"parcelId":"BH-0175","sourceId":"175","sourceName":"评价单元","areaMu":0.7},"geometry":{"type":"Polygon","coordinates":[[[120.5509681,30.2177774],[120.5505718,30.2166778],[120.5504265,30.2162575],[120.5502779,30.2160133],[120.5500592,30.2156955],[120.5499038,30.2155007],[120.5498418,30.215463],[120.549756,30.2156301],[120.5495407,30.2160709],[120.5493357,30.2165219],[120.5489154,30.2173214],[120.5487642,30.2177181],[120.5491777,30.2180718],[120.5497073,30.2185399],[120.5498679,30.2186612],[120.5502677,30.2190559],[120.5502723,30.2190711],[120.5509655,30.2177827],[120.5509681,30.2177774]]]}},{"type":"Feature","properties":{"parcelId":"BH-0176","sourceId":"176","sourceName":"评价单元","areaMu":0.7},"geometry":{"type":"Polygon","coordinates":[[[120.5317573,30.2185357],[120.5312453,30.2182363],[120.5258666,30.2151828],[120.5258532,30.2152373],[120.5259625,30.2152947],[120.525901,30.2154532],[120.5258081,30.2154764],[120.5258286,30.2155161],[120.5258751,30.2155202],[120.5259858,30.215542],[120.5263343,30.2156842],[120.5267853,30.2158605],[120.5272814,30.2160737],[120.5277816,30.2164154],[120.5279224,30.2165493],[120.5285087,30.2170167],[120.5290676,30.2174909],[120.5297483,30.2180363],[120.530802,30.2188125],[120.5314129,30.2192157],[120.5320771,30.2196667],[120.532975,30.2202489],[120.5335067,30.2205769],[120.5339905,30.2207983],[120.5340369,30.2208093],[120.5340793,30.2207642],[120.5343716,30.2199762],[120.5335823,30.219603],[120.5329229,30.2192173],[120.5326128,30.2191173],[120.532334,30.2189888],[120.53217,30.2188781],[120.5317573,30.2185357]]]}},{"type":"Feature","properties":{"parcelId":"BH-0177","sourceId":"177","sourceName":"评价单元","areaMu":0.7},"geometry":{"type":"Polygon","coordinates":[[[120.5374903,30.2158887],[120.5368741,30.2156468],[120.5367151,30.2159944],[120.536219,30.2170686],[120.5360908,30.2173853],[120.5361472,30.2174489],[120.5360509,30.2176846],[120.5359883,30.2176641],[120.5359473,30.2177441],[120.5359687,30.2177874],[120.5359277,30.2179463],[120.5358286,30.2179736],[120.5357465,30.2182017],[120.5361431,30.2184217],[120.5362905,30.2181186],[120.5368235,30.2172781],[120.5371617,30.2167143],[120.5373565,30.2163043],[120.5374488,30.2159968],[120.5374903,30.2158887]]]}},{"type":"Feature","properties":{"parcelId":"BH-0178","sourceId":"178","sourceName":"评价单元","areaMu":0.7},"geometry":{"type":"Polygon","coordinates":[[[120.541448,30.2308178],[120.5401346,30.2304352],[120.5400991,30.2305076],[120.5401469,30.2305472],[120.5400676,30.2307112],[120.5399583,30.2306921],[120.5395087,30.2314479],[120.5395005,30.2314943],[120.5395251,30.231523],[120.5399009,30.231601],[120.5405364,30.2317472],[120.5410107,30.2318552],[120.5416257,30.2320069],[120.5419808,30.2320992],[120.5420294,30.2319966],[120.5421661,30.2316463],[120.5424821,30.2311253],[120.5424826,30.2311243],[120.5421177,30.2310187],[120.541448,30.2308178]]]}},{"type":"Feature","properties":{"parcelId":"BH-0179","sourceId":"179","sourceName":"评价单元","areaMu":0.7},"geometry":{"type":"Polygon","coordinates":[[[120.5487141,30.2178494],[120.5480577,30.2195711],[120.5479346,30.2198499],[120.5480584,30.2199036],[120.5481574,30.2197881],[120.5483809,30.21988],[120.548414,30.2196677],[120.5485679,30.2190848],[120.5491292,30.2191849],[120.5492118,30.219029],[120.5495319,30.219109],[120.5492579,30.2202383],[120.5491332,30.220211],[120.5495717,30.2203997],[120.5500827,30.2194236],[120.550177,30.2192483],[120.5501941,30.2191792],[120.550188,30.2191218],[120.5501613,30.2190798],[120.5500886,30.2190295],[120.5493024,30.2183305],[120.5487141,30.2178494]]]}},{"type":"Feature","properties":{"parcelId":"BH-0180","sourceId":"180","sourceName":"评价单元","areaMu":0.7},"geometry":{"type":"Polygon","coordinates":[[[120.5448278,30.2266093],[120.5445176,30.2264862],[120.5428955,30.2259249],[120.5429365,30.2260607],[120.5428597,30.2262247],[120.5426982,30.2261786],[120.542155,30.2270627],[120.542137,30.2271165],[120.542196,30.2271523],[120.5427085,30.2273317],[120.5438565,30.2278212],[120.5440794,30.2279215],[120.5441136,30.2278538],[120.5446603,30.2269313],[120.5448226,30.2266238],[120.5448278,30.2266093]]]}},{"type":"Feature","properties":{"parcelId":"BH-0181","sourceId":"181","sourceName":"评价单元","areaMu":0.7},"geometry":{"type":"Polygon","coordinates":[[[120.552038,30.2156655],[120.5517505,30.2146693],[120.5514366,30.2142166],[120.5509753,30.2138023],[120.5508499,30.213699],[120.5506682,30.2136416],[120.5504735,30.2136416],[120.5504325,30.2136929],[120.5503812,30.2138671],[120.5503402,30.2141234],[120.550248,30.2144001],[120.5501967,30.2147999],[120.5499507,30.2152509],[120.549895,30.2153594],[120.5500699,30.2154915],[120.5505482,30.2162346],[120.5510511,30.2176137],[120.552038,30.2156655]]]}},{"type":"Feature","properties":{"parcelId":"BH-0182","sourceId":"182","sourceName":"评价单元","areaMu":0.7},"geometry":{"type":"Polygon","coordinates":[[[120.5434855,30.2341214],[120.5433858,30.2342522],[120.5431467,30.2347784],[120.542846,30.2351815],[120.5428424,30.2351878],[120.5430354,30.2352019],[120.5432404,30.2352916],[120.5444747,30.2360945],[120.5450491,30.2364917],[120.5451495,30.2363892],[120.5455488,30.235661],[120.5453865,30.2355457],[120.5442099,30.234651],[120.5434855,30.2341214]]]}},{"type":"Feature","properties":{"parcelId":"BH-0183","sourceId":"183","sourceName":"评价单元","areaMu":0.7},"geometry":{"type":"Polygon","coordinates":[[[120.5412131,30.2336547],[120.5403297,30.2335213],[120.5383865,30.2332159],[120.538363,30.233248],[120.5384399,30.2333483],[120.5383331,30.2335512],[120.538237,30.2335213],[120.5376527,30.2345261],[120.5382369,30.2347812],[120.5383241,30.2348279],[120.5386,30.2348517],[120.5393624,30.2349264],[120.5402443,30.2349926],[120.5404713,30.2350054],[120.5406456,30.2346616],[120.5409019,30.2342858],[120.5410727,30.2339185],[120.5412131,30.2336547]]]}},{"type":"Feature","properties":{"parcelId":"BH-0184","sourceId":"184","sourceName":"评价单元","areaMu":0.7},"geometry":{"type":"Polygon","coordinates":[[[120.5577895,30.1972064],[120.5583653,30.1964016],[120.5582706,30.1964561],[120.5581476,30.196493],[120.5576897,30.1966215],[120.5564693,30.1969522],[120.555544,30.1971982],[120.5547035,30.1974142],[120.553986,30.1976],[120.5528844,30.1978624],[120.5519264,30.198092],[120.5512321,30.1982711],[120.5506485,30.1984119],[120.5504094,30.1985048],[120.5499529,30.1986934],[120.5496946,30.1987973],[120.549454,30.1989216],[120.5491711,30.1990843],[120.5488677,30.1992537],[120.5486996,30.1993849],[120.5485288,30.1995681],[120.5485739,30.1996091],[120.5486996,30.1996801],[120.5488404,30.1997703],[120.548906,30.1997403],[120.5490276,30.1998277],[120.5490208,30.199907],[120.5490481,30.1999248],[120.5490987,30.1999412],[120.5491288,30.1999357],[120.549167,30.1998933],[120.5492258,30.1998359],[120.5493351,30.1997321],[120.5494937,30.1995968],[120.5496632,30.1994765],[120.5500527,30.1992879],[120.550393,30.1991417],[120.5506964,30.199061],[120.5510285,30.1989804],[120.5517077,30.1987713],[120.5518526,30.1987385],[120.5520057,30.1987057],[120.5525113,30.1985718],[120.5533396,30.198349],[120.5539245,30.1981836],[120.5548306,30.1979649],[120.5557217,30.197734],[120.5562629,30.1975973],[120.5567577,30.1974702],[120.5572797,30.1973335],[120.5577895,30.1972064]]]}},{"type":"Feature","properties":{"parcelId":"BH-0185","sourceId":"185","sourceName":"评价单元","areaMu":0.7},"geometry":{"type":"Polygon","coordinates":[[[120.5230808,30.2273993],[120.5225512,30.2262547],[120.5211397,30.2257123],[120.5204816,30.2254917],[120.5202955,30.225435],[120.5199111,30.2253752],[120.5198651,30.2253562],[120.5197409,30.2259579],[120.5196726,30.2262696],[120.5196085,30.2266391],[120.519711,30.2266818],[120.5196648,30.2268551],[120.5195708,30.226853],[120.5195751,30.226917],[120.5197609,30.2269939],[120.5202648,30.2271712],[120.520993,30.2274253],[120.5213667,30.227579],[120.5220131,30.2278264],[120.5224487,30.2286122],[120.5234814,30.2307184],[120.5241085,30.2308625],[120.5245903,30.2309616],[120.5246747,30.2310029],[120.5244133,30.2303292],[120.5230808,30.2273993]]]}},{"type":"Feature","properties":{"parcelId":"BH-0186","sourceId":"186","sourceName":"评价单元","areaMu":0.7},"geometry":{"type":"Polygon","coordinates":[[[120.533496,30.230039],[120.5332853,30.2299771],[120.5325149,30.229755],[120.5312729,30.2294082],[120.5312575,30.2294663],[120.5313207,30.2295192],[120.5312455,30.2297003],[120.5310679,30.229673],[120.5309665,30.229951],[120.5311333,30.2299981],[120.5314101,30.2300903],[120.5314203,30.2302338],[120.5314203,30.2303769],[120.5317188,30.2304605],[120.5322945,30.2306109],[120.5327728,30.2307646],[120.5330866,30.2308555],[120.533496,30.230039]]]}},{"type":"Feature","properties":{"parcelId":"BH-0187","sourceId":"187","sourceName":"评价单元","areaMu":0.7},"geometry":{"type":"Polygon","coordinates":[[[120.537817,30.2295392],[120.5379806,30.2292119],[120.5382112,30.2288532],[120.5382283,30.2286055],[120.5380281,30.2284853],[120.5375067,30.2288017],[120.5365124,30.2293962],[120.5354927,30.2296552],[120.5354607,30.2297244],[120.5353839,30.2299123],[120.5352814,30.2300917],[120.5351532,30.2302284],[120.5349568,30.2302882],[120.5347176,30.230254],[120.5344358,30.230143],[120.534188,30.2300063],[120.534165,30.2299924],[120.533721,30.2301052],[120.533496,30.230039],[120.5330866,30.2308555],[120.5333451,30.2309303],[120.5335296,30.2309782],[120.5336646,30.2310038],[120.5338542,30.2309508],[120.5346179,30.23071],[120.5357146,30.2303427],[120.5364612,30.2301052],[120.5368439,30.2299719],[120.5374127,30.2297174],[120.537817,30.2295392]]]}},{"type":"Feature","properties":{"parcelId":"BH-0188","sourceId":"188","sourceName":"评价单元","areaMu":0.7},"geometry":{"type":"Polygon","coordinates":[[[120.5329449,30.2311382],[120.5327938,30.2310538],[120.5320968,30.2307873],[120.5316663,30.2305618],[120.5315926,30.2305096],[120.5308559,30.2302899],[120.5307555,30.2305248],[120.5308794,30.2306038],[120.530811,30.2307832],[120.5306188,30.2307639],[120.5305569,30.2309903],[120.5307277,30.2310843],[120.5314218,30.2312615],[120.5324105,30.2315541],[120.5326914,30.2316438],[120.5329449,30.2311382]]]}},{"type":"Feature","properties":{"parcelId":"BH-0189","sourceId":"189","sourceName":"评价单元","areaMu":0.7},"geometry":{"type":"Polygon","coordinates":[[[120.5341984,30.2317242],[120.5339419,30.2315868],[120.5336241,30.2314331],[120.5331424,30.2312486],[120.5329449,30.2311382],[120.5326914,30.2316438],[120.5331323,30.2317847],[120.5335465,30.2319],[120.533696,30.231868],[120.5341984,30.2317242]]]}},{"type":"Feature","properties":{"parcelId":"BH-0190","sourceId":"190","sourceName":"评价单元","areaMu":0.7},"geometry":{"type":"Polygon","coordinates":[[[120.5340276,30.2289788],[120.5339304,30.2289936],[120.5329823,30.2287473],[120.5316036,30.2283372],[120.5316011,30.2283731],[120.5316754,30.2284474],[120.5316368,30.2285841],[120.5319671,30.2287421],[120.532659,30.2291607],[120.5330434,30.2293828],[120.533479,30.2295707],[120.5336701,30.2296917],[120.5340276,30.2289788]]]}},{"type":"Feature","properties":{"parcelId":"BH-0191","sourceId":"191","sourceName":"评价单元","areaMu":0.7},"geometry":{"type":"Polygon","coordinates":[[[120.5340276,30.2289788],[120.5336701,30.2296917],[120.5337353,30.229733],[120.5340289,30.2299102],[120.5347555,30.2297441],[120.5355115,30.229557],[120.5355416,30.2295492],[120.5355633,30.2295023],[120.5357085,30.2293486],[120.5358708,30.2292119],[120.5359818,30.2290325],[120.536127,30.2289471],[120.5363235,30.2287507],[120.5363576,30.2286055],[120.5363691,30.2285835],[120.5363106,30.2286208],[120.5362316,30.22864],[120.5357063,30.2287233],[120.5340276,30.2289788]]]}},{"type":"Feature","properties":{"parcelId":"BH-0192","sourceId":"192","sourceName":"评价单元","areaMu":0.7},"geometry":{"type":"Polygon","coordinates":[[[120.5419338,30.2321985],[120.5400479,30.2317401],[120.5393923,30.2315778],[120.539294,30.2317657],[120.5393538,30.2318789],[120.5392471,30.2320476],[120.539136,30.2320476],[120.5387901,30.2326648],[120.5385851,30.2330321],[120.538568,30.2331324],[120.5386043,30.2331581],[120.5398087,30.2333332],[120.5412649,30.2335572],[120.5414998,30.2331155],[120.5419338,30.2321985]]]}},{"type":"Feature","properties":{"parcelId":"BH-0193","sourceId":"193","sourceName":"评价单元","areaMu":0.7},"geometry":{"type":"Polygon","coordinates":[[[120.5464226,30.2190835],[120.5464994,30.2187965],[120.5465891,30.2188451],[120.5466737,30.2188375],[120.5470094,30.2183019],[120.5481882,30.2162779],[120.5481647,30.2161795],[120.5485163,30.215507],[120.5484191,30.2154496],[120.5463588,30.2145749],[120.5462871,30.2145749],[120.546229,30.2146023],[120.5454508,30.2154564],[120.5447769,30.2162303],[120.5440656,30.2170493],[120.5437218,30.2174337],[120.543521,30.2177134],[120.5435659,30.2177711],[120.543583,30.2178394],[120.5438606,30.2179718],[120.5445696,30.2183605],[120.5449603,30.2185121],[120.5450287,30.2184608],[120.5451931,30.2185099],[120.5451888,30.2186551],[120.545522,30.2188431],[120.5459149,30.2189904],[120.5462218,30.2190963],[120.5464226,30.2190835]]]}},{"type":"Feature","properties":{"parcelId":"BH-0194","sourceId":"194","sourceName":"评价单元","areaMu":0.7},"geometry":{"type":"Polygon","coordinates":[[[120.5597663,30.2314572],[120.5598496,30.2312799],[120.5599308,30.2312842],[120.5599436,30.2311881],[120.5599756,30.2311048],[120.5599286,30.2310813],[120.5599542,30.2310045],[120.5518828,30.226176],[120.5516692,30.2265711],[120.5517717,30.226633],[120.5516906,30.2268145],[120.5515603,30.226774],[120.5514466,30.226945],[120.5514103,30.2270624],[120.5549402,30.2291423],[120.5582352,30.2310536],[120.5597642,30.2318565],[120.5599649,30.2315853],[120.5597663,30.2314572]]]}},{"type":"Feature","properties":{"parcelId":"BH-0195","sourceId":"195","sourceName":"评价单元","areaMu":0.7},"geometry":{"type":"Polygon","coordinates":[[[120.5268435,30.213122],[120.5289356,30.2143549],[120.5309719,30.2154892],[120.5328033,30.2165689],[120.5351967,30.2178967],[120.5352821,30.2176439],[120.5353231,30.2175388],[120.5353257,30.2174594],[120.5352693,30.2174184],[120.5352027,30.2173851],[120.5350336,30.21728],[120.5347747,30.217134],[120.5339804,30.2166958],[120.5329707,30.2161243],[120.5320256,30.2155999],[120.5310689,30.2150574],[120.530251,30.2145983],[120.529384,30.2141008],[120.5284764,30.2135584],[120.5280194,30.2132978],[120.5273489,30.21289],[120.5270265,30.2127149],[120.526783,30.2130031],[120.5268435,30.213122]]]}},{"type":"Feature","properties":{"parcelId":"BH-0196","sourceId":"196","sourceName":"评价单元","areaMu":0.7},"geometry":{"type":"Polygon","coordinates":[[[120.5398122,30.2080902],[120.5398959,30.2079177],[120.5399907,30.207945],[120.540516,30.2068388],[120.5402256,30.2067064],[120.539649,30.2065783],[120.5390682,30.2064502],[120.538624,30.206322],[120.5375606,30.2059932],[120.5369754,30.2066637],[120.5366338,30.2070182],[120.5363903,30.2073001],[120.5363493,30.2073556],[120.5363596,30.2073949],[120.5364125,30.207441],[120.5369848,30.2075862],[120.5377724,30.2077673],[120.5387222,30.2079484],[120.5395952,30.2081414],[120.5397763,30.2081961],[120.5398532,30.2082029],[120.5398839,30.2081363],[120.5398122,30.2080902]]]}},{"type":"Feature","properties":{"parcelId":"BH-0197","sourceId":"197","sourceName":"评价单元","areaMu":0.7},"geometry":{"type":"Polygon","coordinates":[[[120.5667905,30.2002068],[120.5670263,30.1998096],[120.5670596,30.1997711],[120.5670698,30.199725],[120.5669648,30.1996353],[120.5666214,30.199479],[120.5659141,30.1992202],[120.5657117,30.1991407],[120.5642946,30.1987922],[120.5641742,30.1987692],[120.5632106,30.1987589],[120.5623932,30.1987717],[120.5621651,30.1988153],[120.5606532,30.1991612],[120.5603918,30.1992176],[120.5600997,30.1992766],[120.559864,30.1992996],[120.5596743,30.1992894],[120.5591029,30.1991741],[120.5590772,30.1991766],[120.5590311,30.1992202],[120.5586519,30.1998121],[120.5588005,30.199948],[120.5586801,30.2001478],[120.5584981,30.2001222],[120.5584597,30.2001581],[120.5586442,30.2002119],[120.5591413,30.2002478],[120.5595769,30.2002862],[120.5602176,30.2002196],[120.5607275,30.2001427],[120.561176,30.2000351],[120.5614092,30.2000043],[120.5618371,30.1999838],[120.5623214,30.199989],[120.56298,30.1999915],[120.563308,30.2000581],[120.5637385,30.2002196],[120.5642792,30.2004553],[120.5648379,30.2007705],[120.5653145,30.2010934],[120.565663,30.2013035],[120.5657937,30.2014086],[120.5658603,30.2014701],[120.5659628,30.2015265],[120.5660141,30.201547],[120.5667905,30.2002068]]]}},{"type":"Feature","properties":{"parcelId":"BH-0198","sourceId":"198","sourceName":"评价单元","areaMu":0.7},"geometry":{"type":"Polygon","coordinates":[[[120.5420593,30.2363342],[120.5421148,30.2362612],[120.542272,30.2360425],[120.5426,30.2356462],[120.5427025,30.2354275],[120.5427824,30.2352906],[120.5425106,30.2352662],[120.5416906,30.2351986],[120.5410284,30.2351494],[120.5404231,30.2351005],[120.5403381,30.2352681],[120.5402015,30.2354902],[120.5399965,30.2356268],[120.5396463,30.235567],[120.5392277,30.2353279],[120.5387152,30.2350374],[120.5385504,30.2349492],[120.5379068,30.2348972],[120.5378325,30.2348911],[120.5376233,30.2353481],[120.5378432,30.2354463],[120.5378329,30.2355331],[120.5390655,30.2362173],[120.5394729,30.2364659],[120.5396344,30.2362404],[120.5396779,30.236184],[120.5398624,30.2361763],[120.5405159,30.2361789],[120.5410745,30.2362122],[120.5414769,30.2362506],[120.5417895,30.2362891],[120.5420593,30.2363342]]]}},{"type":"Feature","properties":{"parcelId":"BH-0199","sourceId":"199","sourceName":"评价单元","areaMu":0.7},"geometry":{"type":"Polygon","coordinates":[[[120.5902714,30.2300835],[120.5901817,30.2296607],[120.5899997,30.2296018],[120.5897691,30.2295275],[120.5895333,30.2294532],[120.5894718,30.22953],[120.5893898,30.2296633],[120.5895103,30.2298017],[120.5894539,30.22994],[120.5893002,30.229917],[120.5892976,30.2299836],[120.5894565,30.2300682],[120.5895615,30.2301297],[120.5896717,30.2302706],[120.5897922,30.2305141],[120.5898844,30.2309112],[120.5901022,30.2317646],[120.5903047,30.2326051],[120.5904277,30.233174],[120.5903969,30.2334456],[120.5903534,30.2338274],[120.5903226,30.2342784],[120.590256,30.2349268],[120.5901868,30.23557],[120.5900074,30.2366129],[120.5898562,30.2376072],[120.5897845,30.2381658],[120.5897076,30.2384272],[120.5895897,30.2386501],[120.5893463,30.2391191],[120.5890823,30.2396495],[120.5888671,30.2400826],[120.588616,30.2405746],[120.5885647,30.2407412],[120.5886211,30.2408129],[120.5889158,30.241],[120.5889516,30.2409564],[120.5889978,30.2408616],[120.5890593,30.2407156],[120.5890875,30.2406617],[120.5891746,30.2405311],[120.5893027,30.2403081],[120.5893822,30.2401031],[120.5895359,30.2397392],[120.5897307,30.2392626],[120.589928,30.2387526],[120.5900305,30.2384246],[120.5901535,30.2381043],[120.5903457,30.2376277],[120.5904994,30.2372305],[120.5906199,30.2368436],[120.5906634,30.2365694],[120.5907224,30.2362849],[120.5907377,30.2360415],[120.5907608,30.2357622],[120.5907992,30.2353547],[120.5907992,30.2351907],[120.5907634,30.2349165],[120.5908249,30.2344014],[120.590953,30.2334072],[120.590994,30.2331355],[120.5909786,30.2329844],[120.5907916,30.2323668],[120.5905994,30.231803],[120.5904815,30.2313571],[120.5904405,30.2310573],[120.5903585,30.2305679],[120.5902714,30.2300835]]]}},{"type":"Feature","properties":{"parcelId":"BH-0200","sourceId":"200","sourceName":"评价单元","areaMu":0.7},"geometry":{"type":"Polygon","coordinates":[[[120.5878853,30.2345137],[120.5878955,30.2342625],[120.5878571,30.2340242],[120.5878622,30.2339063],[120.5877546,30.2337423],[120.5875957,30.233586],[120.5874548,30.2334912],[120.5873292,30.2334681],[120.5872036,30.2335886],[120.5869602,30.2340268],[120.5870473,30.2341395],[120.5869423,30.2343163],[120.5867885,30.2342651],[120.5867911,30.2343727],[120.5870038,30.2345188],[120.5872062,30.2347417],[120.5872754,30.2349365],[120.5872011,30.235062],[120.5867911,30.2359051],[120.5864041,30.23672],[120.586276,30.2369506],[120.5859915,30.2375887],[120.5858019,30.2379526],[120.585538,30.2384523],[120.585456,30.2385676],[120.5853714,30.2386932],[120.5853714,30.2387982],[120.5854201,30.2388367],[120.5856123,30.2389674],[120.585866,30.2391109],[120.5860479,30.2392134],[120.5861222,30.2392569],[120.5862299,30.2391647],[120.5863272,30.2389161],[120.5865758,30.2383805],[120.586727,30.2380859],[120.5869499,30.2375887],[120.587137,30.237066],[120.5873164,30.2365996],[120.5875573,30.2359846],[120.5876598,30.2355054],[120.5877136,30.2352363],[120.5877674,30.2350057],[120.5878263,30.2348109],[120.5878853,30.2345137]]]}},{"type":"Feature","properties":{"parcelId":"BH-0201","sourceId":"201","sourceName":"评价单元","areaMu":0.7},"geometry":{"type":"Polygon","coordinates":[[[120.5347448,30.2275483],[120.5353531,30.226335],[120.5343144,30.226387],[120.533347,30.2261392],[120.5326145,30.2259513],[120.5326017,30.2259748],[120.5326978,30.2260431],[120.5326466,30.2262247],[120.5324715,30.2262225],[120.5321042,30.2271792],[120.5332595,30.2274312],[120.5341991,30.2275935],[120.5342887,30.2275978],[120.5347448,30.2275483]]]}},{"type":"Feature","properties":{"parcelId":"BH-0202","sourceId":"202","sourceName":"评价单元","areaMu":1.18},"geometry":{"type":"Polygon","coordinates":[[[120.5353531,30.226335],[120.5347448,30.2275483],[120.5350169,30.2275187],[120.5360227,30.2273863],[120.5362875,30.2272668],[120.5371844,30.2265984],[120.5382735,30.2257762],[120.5391234,30.2251441],[120.5397598,30.2246765],[120.5403364,30.2242558],[120.5409257,30.2238308],[120.5412781,30.2235788],[120.5417031,30.2233482],[120.542427,30.2229873],[120.5432363,30.2225987],[120.5434499,30.2224897],[120.5438321,30.2224278],[120.5440414,30.2224065],[120.5442891,30.2224876],[120.5457561,30.2200596],[120.5458608,30.2198076],[120.5458437,30.2197072],[120.5457049,30.2195962],[120.5456259,30.2197179],[120.5455255,30.2196795],[120.5455917,30.2195449],[120.5447525,30.2191542],[120.5441652,30.2188979],[120.5440755,30.2190495],[120.5433879,30.2199955],[120.542553,30.2211529],[120.5421899,30.2216612],[120.5420276,30.2218683],[120.5416027,30.2223146],[120.5412183,30.2225816],[120.5404965,30.2230642],[120.5395099,30.2237283],[120.5381454,30.2246508],[120.5375069,30.2250822],[120.5358519,30.2263101],[120.5353531,30.226335]]]}},{"type":"Feature","properties":{"parcelId":"BH-0203","sourceId":"203","sourceName":"评价单元","areaMu":0.7},"geometry":{"type":"Polygon","coordinates":[[[120.559397,30.2253584],[120.5584933,30.2248391],[120.5584164,30.2248903],[120.558249,30.2247981],[120.5582421,30.2247349],[120.5577843,30.2244445],[120.5573282,30.2241643],[120.5572513,30.2243095],[120.5570224,30.2242002],[120.5569762,30.2244684],[120.5569814,30.2246085],[120.557159,30.2247622],[120.5574084,30.2249809],[120.5579722,30.2253841],[120.55836,30.2256813],[120.5588742,30.226064],[120.5594721,30.2265065],[120.5602358,30.2270446],[120.5612694,30.2277587],[120.5615461,30.2279534],[120.5617118,30.2280594],[120.5619237,30.2282182],[120.5625079,30.2274358],[120.5625728,30.2273179],[120.5625831,30.2272018],[120.562537,30.2271061],[120.5622739,30.2269353],[120.5612557,30.226392],[120.5601538,30.2257924],[120.559397,30.2253584]]]}},{"type":"Feature","properties":{"parcelId":"BH-0204","sourceId":"204","sourceName":"评价单元","areaMu":0.7},"geometry":{"type":"Polygon","coordinates":[[[120.5354814,30.223333],[120.5355084,30.2233031],[120.5355084,30.2231344],[120.5354629,30.223037],[120.5355214,30.2228682],[120.5356058,30.2226604],[120.535781,30.2224267],[120.5359416,30.2221353],[120.5353334,30.2224346],[120.5346883,30.2223595],[120.5343329,30.2223157],[120.5341471,30.2222775],[120.5341211,30.2223226],[120.5341307,30.2223649],[120.5340528,30.2225248],[120.5339612,30.2225358],[120.5339311,30.2226191],[120.5339175,30.2226916],[120.5338259,30.2229034],[120.5336797,30.2232642],[120.5336961,30.2233093],[120.5339571,30.2233872],[120.5342564,30.2234419],[120.5347799,30.2235184],[120.5349042,30.2235129],[120.5351174,30.2234651],[120.5353156,30.2234091],[120.5354814,30.223333]]]}},{"type":"Feature","properties":{"parcelId":"BH-0205","sourceId":"205","sourceName":"评价单元","areaMu":0.7},"geometry":{"type":"Polygon","coordinates":[[[120.5216842,30.230683],[120.5215135,30.2304459],[120.5213061,30.2302253],[120.5209036,30.2301347],[120.5197795,30.2298853],[120.5190347,30.229735],[120.518857,30.2296837],[120.518827,30.2296714],[120.5187959,30.229749],[120.5187754,30.2297439],[120.5187524,30.2298233],[120.5186245,30.2303037],[120.5186553,30.2305036],[120.5187936,30.2305856],[120.5189577,30.2306317],[120.5191422,30.2306778],[120.5191832,30.23056],[120.5192703,30.2305958],[120.5192498,30.2307086],[120.519916,30.2308213],[120.5205874,30.23097],[120.5215304,30.2311955],[120.5220583,30.2313185],[120.5220583,30.2312313],[120.5220481,30.2311032],[120.5219456,30.23097],[120.5216842,30.230683]]]}},{"type":"Feature","properties":{"parcelId":"BH-0206","sourceId":"206","sourceName":"评价单元","areaMu":0.7},"geometry":{"type":"Polygon","coordinates":[[[120.5241107,30.2308646],[120.5234835,30.2307205],[120.5237492,30.2312623],[120.5238004,30.2316467],[120.5249389,30.2319503],[120.5249648,30.2318555],[120.5249375,30.2316778],[120.5249372,30.2316752],[120.5247998,30.2313221],[120.5246768,30.231005],[120.5245924,30.2309637],[120.5241107,30.2308646]]]}},{"type":"Feature","properties":{"parcelId":"BH-0207","sourceId":"207","sourceName":"评价单元","areaMu":0.7},"geometry":{"type":"Polygon","coordinates":[[[120.5286742,30.2293345],[120.5283248,30.22926],[120.5279865,30.2292908],[120.527843,30.2293831],[120.5277713,30.2295983],[120.5277469,30.2296796],[120.5278003,30.2297288],[120.5280975,30.2298774],[120.5285152,30.2300722],[120.5288406,30.2302311],[120.5296889,30.2306103],[120.529922,30.2307487],[120.5300271,30.230741],[120.5300912,30.2306283],[120.5302065,30.2303131],[120.5302885,30.230085],[120.5302859,30.2300261],[120.5301629,30.2299671],[120.5300297,30.2299107],[120.5295453,30.2297288],[120.5288406,30.2294239],[120.5286742,30.2293345]]]}},{"type":"Feature","properties":{"parcelId":"BH-0208","sourceId":"208","sourceName":"评价单元","areaMu":0.7},"geometry":{"type":"Polygon","coordinates":[[[120.533946,30.2210098],[120.53212,30.2199446],[120.5298922,30.2185643],[120.5275006,30.2171429],[120.526881,30.2168137],[120.5272603,30.2171275],[120.5277814,30.2175341],[120.5283144,30.2179782],[120.5287193,30.218337],[120.5291139,30.2186821],[120.5296811,30.2191467],[120.5302705,30.2196388],[120.5306634,30.2199446],[120.5312015,30.220317],[120.5323691,30.2211127],[120.5330097,30.2215432],[120.5331173,30.2216431],[120.5333531,30.2217559],[120.533471,30.2218455],[120.533576,30.2219199],[120.5336426,30.2218737],[120.5336965,30.2217584],[120.533946,30.2210098]]]}},{"type":"Feature","properties":{"parcelId":"BH-0209","sourceId":"209","sourceName":"评价单元","areaMu":0.7},"geometry":{"type":"Polygon","coordinates":[[[120.537761,30.2296512],[120.5377585,30.2296561],[120.5374937,30.2302796],[120.5373338,30.2307099],[120.5374053,30.2306871],[120.5384325,30.2303603],[120.5386802,30.2303027],[120.5389685,30.2302301],[120.5391948,30.2302066],[120.5393251,30.2302322],[120.5394618,30.2302771],[120.539545,30.2302963],[120.5401216,30.229267],[120.5403651,30.2288612],[120.5403565,30.22881],[120.5402391,30.2287481],[120.5399807,30.2286776],[120.5396824,30.2287656],[120.5387378,30.2292115],[120.537761,30.2296512]]]}},{"type":"Feature","properties":{"parcelId":"BH-0210","sourceId":"210","sourceName":"评价单元","areaMu":0.7},"geometry":{"type":"Polygon","coordinates":[[[120.5259868,30.2293086],[120.5259126,30.2294138],[120.5258032,30.2296051],[120.5258579,30.2298511],[120.5259809,30.229981],[120.5261586,30.2301176],[120.5266711,30.2305618],[120.5268692,30.2308283],[120.5270606,30.2311153],[120.5272178,30.2313408],[120.5273066,30.2315322],[120.5273954,30.2318533],[120.5273954,30.2319056],[120.5275833,30.2320935],[120.5276964,30.2322558],[120.527769,30.2324245],[120.5277925,30.2324928],[120.5279954,30.232559],[120.5283563,30.2326508],[120.5286873,30.2327192],[120.5289286,30.2327661],[120.5290759,30.2327854],[120.5291037,30.2327768],[120.5291037,30.2327063],[120.5292681,30.2326893],[120.5293258,30.2325312],[120.5293856,30.2323561],[120.5294646,30.2321597],[120.5295256,30.2319842],[120.5288578,30.2318021],[120.5283145,30.2316893],[120.5278533,30.2315458],[120.527616,30.2313718],[120.5275765,30.2311666],[120.5275663,30.2308693],[120.5275654,30.2308526],[120.5274509,30.2307951],[120.5270601,30.2306264],[120.5269448,30.2305474],[120.5266842,30.2302933],[120.5262102,30.2296377],[120.5259868,30.2293086]]]}},{"type":"Feature","properties":{"parcelId":"BH-0211","sourceId":"211","sourceName":"评价单元","areaMu":0.7},"geometry":{"type":"Polygon","coordinates":[[[120.5654863,30.2271066],[120.5646772,30.226739],[120.56411,30.226493],[120.5640348,30.226452],[120.5639733,30.2264178],[120.5639351,30.2263837],[120.5638804,30.2263919],[120.5638298,30.2263973],[120.5637806,30.2264452],[120.5637629,30.2265012],[120.5637547,30.2265545],[120.563726,30.226575],[120.5638298,30.2266939],[120.5637314,30.2268032],[120.5635757,30.2267541],[120.5635504,30.2268096],[120.5636535,30.2268606],[120.5636057,30.2269495],[120.5635319,30.2269098],[120.56351,30.2269057],[120.5635128,30.2269508],[120.563577,30.227011],[120.5636699,30.2270752],[120.5638394,30.2271572],[120.564054,30.2272884],[120.5644735,30.2274921],[120.5646498,30.2276055],[120.5648986,30.2277326],[120.5651214,30.2278597],[120.5653564,30.2279731],[120.565597,30.2281153],[120.5659591,30.2283107],[120.5661505,30.2284064],[120.5664006,30.2285499],[120.5666452,30.2286647],[120.566883,30.2288109],[120.5673245,30.2290487],[120.5675841,30.2291854],[120.567811,30.2292906],[120.5680816,30.2294314],[120.5683932,30.2296022],[120.5686338,30.2297239],[120.5689454,30.2299029],[120.5692214,30.2300355],[120.5694743,30.2301803],[120.5696752,30.2302678],[120.5699718,30.2304222],[120.5702697,30.2305931],[120.5704788,30.2306997],[120.5706688,30.2307926],[120.5707863,30.2308486],[120.5709503,30.2308555],[120.5711266,30.2306915],[120.5712974,30.2304277],[120.571374,30.2302774],[120.5712783,30.2302008],[120.5714519,30.2298646],[120.5714218,30.2298113],[120.571322,30.2297444],[120.570595,30.2294082],[120.5696711,30.2289872],[120.5690957,30.2287303],[120.568437,30.2284351],[120.5682483,30.2283558],[120.5676935,30.2280961],[120.566991,30.2277777],[120.5662625,30.227447],[120.5654863,30.2271066]]]}},{"type":"Feature","properties":{"parcelId":"BH-0212","sourceId":"212","sourceName":"评价单元","areaMu":0.7},"geometry":{"type":"Polygon","coordinates":[[[120.5749147,30.2233751],[120.5750454,30.2231752],[120.5751812,30.2232111],[120.575622,30.2223962],[120.5758193,30.2220144],[120.5757373,30.2219529],[120.575604,30.2218427],[120.5753298,30.2216684],[120.5746226,30.2212277],[120.573841,30.2207331],[120.5734643,30.2204871],[120.5732721,30.2204102],[120.5731799,30.2204384],[120.5729569,30.220564],[120.5726853,30.2206972],[120.5723778,30.220874],[120.5720959,30.2210765],[120.5718807,30.2212738],[120.5714271,30.2216121],[120.5711683,30.2218042],[120.571158,30.2218581],[120.5711939,30.2219221],[120.5712785,30.2219964],[120.5713835,30.2220733],[120.5715219,30.2221348],[120.5718243,30.2222758],[120.5730902,30.2228703],[120.5747866,30.223698],[120.5748712,30.2237287],[120.5748968,30.2237005],[120.5750403,30.2234468],[120.5749147,30.2233751]]]}},{"type":"Feature","properties":{"parcelId":"BH-0213","sourceId":"213","sourceName":"评价单元","areaMu":0.7},"geometry":{"type":"Polygon","coordinates":[[[120.5890226,30.2316637],[120.5889308,30.2315227],[120.5888432,30.2314138],[120.5885913,30.2312942],[120.5885208,30.2313583],[120.5886041,30.2314501],[120.5885016,30.2316188],[120.588382,30.2315932],[120.587925,30.2324154],[120.5879463,30.2324709],[120.5880061,30.2325072],[120.5881343,30.2325157],[120.5882026,30.2325648],[120.5883585,30.2327933],[120.5885443,30.233024],[120.5886553,30.2331927],[120.5887343,30.2333934],[120.5887941,30.2336475],[120.5888411,30.2338248],[120.5888262,30.2340404],[120.5887578,30.2344611],[120.5886895,30.2348327],[120.5886596,30.2350804],[120.5885806,30.2356036],[120.5884674,30.2364236],[120.5884204,30.2366606],[120.5883884,30.2369703],[120.5883414,30.2372564],[120.5883094,30.2374956],[120.5881919,30.2379056],[120.5879891,30.238495],[120.5878567,30.2388175],[120.5876089,30.239283],[120.5874787,30.2395392],[120.5873591,30.2398297],[120.58731,30.2399471],[120.58731,30.2399962],[120.5873911,30.2400389],[120.5876047,30.240182],[120.5877456,30.2402738],[120.5878353,30.240308],[120.5878908,30.2402888],[120.5879549,30.2401991],[120.5880852,30.2399065],[120.5883414,30.2392851],[120.5885229,30.2389392],[120.5887963,30.238337],[120.5889329,30.2379483],[120.5890248,30.2376365],[120.5890888,30.2373077],[120.5891294,30.2367567],[120.5891977,30.2360841],[120.5892618,30.2354157],[120.5893088,30.2349523],[120.589375,30.2343928],[120.5894241,30.2339465],[120.5894668,30.2336539],[120.589486,30.2333101],[120.5894668,30.2331414],[120.5894049,30.2328958],[120.5893259,30.2326118],[120.5891956,30.232142],[120.5891379,30.2319883],[120.5891102,30.2318217],[120.5890226,30.2316637]]]}},{"type":"Feature","properties":{"parcelId":"BH-0214","sourceId":"214","sourceName":"评价单元","areaMu":0.7},"geometry":{"type":"Polygon","coordinates":[[[120.5853688,30.2293774],[120.5853946,30.2315303],[120.5854355,30.2316349],[120.5856597,30.2322735],[120.5857836,30.2325916],[120.5860548,30.2333049],[120.5861914,30.2336231],[120.586232,30.2337042],[120.5863217,30.233875],[120.5863772,30.233922],[120.5864285,30.2339242],[120.5865182,30.2338366],[120.5866121,30.2336935],[120.5866655,30.2335184],[120.5867509,30.2333967],[120.5868235,30.2332558],[120.5868684,30.2331746],[120.5869004,30.2331041],[120.5867894,30.2330016],[120.5867061,30.23285],[120.5865054,30.2323525],[120.5861637,30.2314321],[120.5857878,30.2304434],[120.5855188,30.2297536],[120.5853688,30.2293774]]]}},{"type":"Feature","properties":{"parcelId":"BH-0215","sourceId":"215","sourceName":"评价单元","areaMu":0.7},"geometry":{"type":"Polygon","coordinates":[[[120.5853688,30.2293774],[120.5849144,30.2282374],[120.5845856,30.2275092],[120.5844233,30.2271718],[120.584308,30.2268771],[120.5841307,30.2264821],[120.5839919,30.2262707],[120.5836332,30.2257389],[120.5834687,30.2255105],[120.583347,30.2253973],[120.5833043,30.2255275],[120.5834089,30.2256898],[120.5833214,30.2258116],[120.5832061,30.2257582],[120.5831249,30.2258222],[120.5830224,30.2260059],[120.5829007,30.2262451],[120.5828601,30.2263924],[120.582858,30.2264778],[120.582937,30.2265931],[120.5831057,30.2267426],[120.5833449,30.2269562],[120.5834687,30.2271206],[120.583678,30.2274409],[120.583851,30.2278167],[120.5840944,30.2283399],[120.5844233,30.2290916],[120.5846539,30.229649],[120.5848739,30.2301722],[120.5850639,30.2306847],[120.5853946,30.2315303],[120.5853688,30.2293774]]]}},{"type":"Feature","properties":{"parcelId":"BH-0216","sourceId":"216","sourceName":"评价单元","areaMu":0.7},"geometry":{"type":"Polygon","coordinates":[[[120.5664458,30.2098966],[120.5669156,30.2090595],[120.5677356,30.2076437],[120.5681841,30.2069198],[120.568656,30.2061446],[120.5690788,30.2054314],[120.5695315,30.2046242],[120.5697088,30.2043359],[120.5697195,30.2038404],[120.5697323,30.2035628],[120.5696255,30.2025741],[120.5695806,30.2021876],[120.5694205,30.2017733],[120.5691685,30.2014914],[120.5688396,30.2011412],[120.5683058,30.2005711],[120.5679876,30.200223],[120.567742,30.2000628],[120.5677228,30.200082],[120.5673363,30.2006565],[120.5667554,30.201421],[120.5665154,30.2017903],[120.5665803,30.2018381],[120.5664778,30.2020055],[120.5663958,30.2019816],[120.5662147,30.2023062],[120.5661908,30.2024326],[120.5663719,30.2025556],[120.5667614,30.2029895],[120.5672944,30.2034918],[120.5676464,30.2038096],[120.5679265,30.2040795],[120.5678787,30.2042332],[120.5676805,30.2045646],[120.5671475,30.2054564],[120.5667819,30.2060714],[120.5664334,30.206683],[120.5660405,30.2073459],[120.5657022,30.2079062],[120.5654426,30.2083743],[120.565241,30.2087126],[120.5650599,30.2089927],[120.5650838,30.2090508],[120.5661293,30.2096863],[120.5662258,30.209619],[120.5664095,30.2097215],[120.5663775,30.2098624],[120.5664458,30.2098966]]]}},{"type":"Feature","properties":{"parcelId":"BH-0217","sourceId":"217","sourceName":"评价单元","areaMu":0.7},"geometry":{"type":"Polygon","coordinates":[[[120.5574642,30.1980862],[120.5574481,30.1980324],[120.5575506,30.1975404],[120.5577115,30.1973154],[120.557454,30.1973789],[120.5558418,30.197774],[120.5547762,30.1980602],[120.5540181,30.1982502],[120.5531532,30.1984872],[120.5524763,30.1986645],[120.5520129,30.1987841],[120.5515708,30.1988973],[120.5508576,30.1990937],[120.5503088,30.1992581],[120.5500888,30.1993692],[120.5497536,30.19954],[120.5494994,30.1997365],[120.5493051,30.1998774],[120.5492539,30.1999543],[120.5493179,30.2000333],[120.5493628,30.1999992],[120.5495123,30.200091],[120.5495058,30.200155],[120.5498155,30.2003515],[120.5498646,30.2003921],[120.5499201,30.2003921],[120.54995,30.2003536],[120.5503173,30.2000098],[120.5504091,30.19995],[120.5512142,30.1996297],[120.5514342,30.1995657],[120.5522649,30.1993436],[120.5537618,30.1989549],[120.555483,30.1985065],[120.5564717,30.1982694],[120.5568305,30.1982139],[120.5573964,30.1980965],[120.5574642,30.1980862]]]}},{"type":"Feature","properties":{"parcelId":"BH-0218","sourceId":"218","sourceName":"评价单元","areaMu":0.7},"geometry":{"type":"Polygon","coordinates":[[[120.5336698,30.2296923],[120.5334812,30.2295728],[120.5330455,30.2293849],[120.5326612,30.2291628],[120.5319693,30.2287442],[120.5316389,30.2285863],[120.5316211,30.2286494],[120.5315289,30.2286341],[120.5313392,30.229062],[120.5312726,30.229244],[120.5312701,30.2293003],[120.5315443,30.2293926],[120.5324335,30.2296463],[120.5332099,30.229859],[120.5335481,30.2299351],[120.5336698,30.2296923]]]}},{"type":"Feature","properties":{"parcelId":"BH-0219","sourceId":"219","sourceName":"评价单元","areaMu":0.7},"geometry":{"type":"Polygon","coordinates":[[[120.5336698,30.2296923],[120.5335481,30.2299351],[120.5336763,30.229964],[120.5339172,30.2299384],[120.534031,30.2299124],[120.5337374,30.2297351],[120.5336698,30.2296923]]]}},{"type":"Feature","properties":{"parcelId":"BH-0220","sourceId":"220","sourceName":"评价单元","areaMu":0.7},"geometry":{"type":"Polygon","coordinates":[[[120.5258666,30.2151828],[120.5312453,30.2182363],[120.5317573,30.2185357],[120.5316644,30.2184586],[120.5311109,30.2180171],[120.530638,30.2176358],[120.5303441,30.2174103],[120.5299177,30.2170536],[120.5295515,30.2167666],[120.5293601,30.2165876],[120.5290157,30.2163197],[120.5286904,30.2160573],[120.5283993,30.2158113],[120.528003,30.2154983],[120.5278308,30.215419],[120.5274139,30.2152619],[120.5271119,30.2151197],[120.5265297,30.2148778],[120.5260842,30.2147125],[120.526024,30.2147084],[120.5260008,30.2147384],[120.5259721,30.2147972],[120.5259461,30.2149202],[120.5258928,30.215076],[120.5258666,30.2151828]]]}},{"type":"Feature","properties":{"parcelId":"BH-0221","sourceId":"221","sourceName":"评价单元","areaMu":0.7},"geometry":{"type":"Polygon","coordinates":[[[120.5277138,30.2297898],[120.527679,30.2299058],[120.5276073,30.2302031],[120.5275458,30.2304901],[120.5275584,30.230723],[120.5278633,30.2308743],[120.5283117,30.2311049],[120.5287448,30.2313406],[120.5291241,30.2315149],[120.5293854,30.2316686],[120.5295213,30.2317404],[120.5296186,30.2317583],[120.5298031,30.2312791],[120.5298621,30.2311049],[120.5298954,30.231069],[120.5299082,30.2310024],[120.529921,30.2309563],[120.5299569,30.2309153],[120.529962,30.230864],[120.5287064,30.2303003],[120.5281759,30.2300466],[120.5277992,30.2298441],[120.5277138,30.2297898]]]}},{"type":"Feature","properties":{"parcelId":"BH-0222","sourceId":"222","sourceName":"评价单元","areaMu":0.7},"geometry":{"type":"Polygon","coordinates":[[[120.5330428,30.2309428],[120.5325173,30.2307853],[120.5315926,30.2305096],[120.5316663,30.2305618],[120.5320968,30.2307873],[120.5327938,30.2310538],[120.5329449,30.2311382],[120.5330428,30.2309428]]]}},{"type":"Feature","properties":{"parcelId":"BH-0223","sourceId":"223","sourceName":"评价单元","areaMu":0.7},"geometry":{"type":"Polygon","coordinates":[[[120.5373338,30.2307099],[120.5374937,30.2302796],[120.5377585,30.2296561],[120.537761,30.2296512],[120.5366408,30.2301553],[120.5351951,30.230608],[120.5336875,30.2311099],[120.533617,30.2311077],[120.5331728,30.2309818],[120.5330428,30.2309428],[120.5329449,30.2311382],[120.5331424,30.2312486],[120.5336241,30.2314331],[120.5339419,30.2315868],[120.5341984,30.2317242],[120.5344947,30.2316395],[120.5353745,30.2313619],[120.5364678,30.230986],[120.5373338,30.2307099]]]}},{"type":"Feature","properties":{"parcelId":"BH-0224","sourceId":"224","sourceName":"评价单元","areaMu":0.7},"geometry":{"type":"Polygon","coordinates":[[[120.5445371,30.229984],[120.5445232,30.2299738],[120.5433722,30.2295062],[120.5432778,30.2294674],[120.5427896,30.2305017],[120.5425279,30.2310324],[120.5428562,30.2311336],[120.5437217,30.2313984],[120.5437708,30.2314189],[120.5438642,30.2312044],[120.5440965,30.2307603],[120.5442674,30.2304254],[120.5445371,30.229984]]]}},{"type":"Feature","properties":{"parcelId":"BH-0225","sourceId":"225","sourceName":"评价单元","areaMu":0.7},"geometry":{"type":"Polygon","coordinates":[[[120.561617,30.2128434],[120.561735,30.2120877],[120.5617628,30.2118208],[120.5617372,30.2116649],[120.5617158,30.211541],[120.5616475,30.2114876],[120.5613871,30.211306],[120.561155,30.2117154],[120.5610013,30.2119717],[120.5608783,30.2121152],[120.5608168,30.2122484],[120.5607655,30.2123612],[120.5607553,30.2124534],[120.560745,30.2125764],[120.560745,30.2127405],[120.5608578,30.2128942],[120.560909,30.2129147],[120.5612063,30.212884],[120.56136,30.2128122],[120.561617,30.2128434]]]}},{"type":"Feature","properties":{"parcelId":"BH-0226","sourceId":"226","sourceName":"评价单元","areaMu":0.99},"geometry":{"type":"Polygon","coordinates":[[[120.5726113,30.1928578],[120.5725621,30.1928455],[120.5724624,30.1928537],[120.5723489,30.1929207],[120.5721863,30.1930081],[120.5720332,30.1930956],[120.5719253,30.1932213],[120.5717148,30.1933744],[120.5717572,30.1935029],[120.5716314,30.19363],[120.5716793,30.1936628],[120.5719171,30.1938691],[120.5721016,30.1940427],[120.5723612,30.1942419],[120.5725567,30.1944141],[120.5728327,30.1946341],[120.5731061,30.1948692],[120.5734519,30.1951288],[120.5737402,30.1953625],[120.5739644,30.1955744],[120.574306,30.1959201],[120.5744249,30.1960473],[120.574522,30.1961662],[120.5746737,30.1964012],[120.5748254,30.1966541],[120.575029,30.1969848],[120.5751507,30.1971953],[120.5753311,30.1975465],[120.575465,30.1977543],[120.5756112,30.1980249],[120.575767,30.1982832],[120.5759502,30.1985305],[120.5761196,30.1987902],[120.5762549,30.1990376],[120.5763889,30.1992631],[120.5765898,30.1996184],[120.5767593,30.1999259],[120.5768522,30.2002116],[120.5768918,30.200422],[120.5768809,30.2005997],[120.5768645,30.2007801],[120.5768112,30.2012622],[120.5767599,30.201609],[120.5767053,30.2019541],[120.5766796,30.2021181],[120.5766181,30.2022838],[120.5764832,30.2026204],[120.5763773,30.2028766],[120.5761962,30.2031841],[120.576039,30.2034472],[120.5759058,30.2036642],[120.5756649,30.2040246],[120.5755077,30.2042706],[120.5753796,30.2045081],[120.57526,30.2047866],[120.5752497,30.2049215],[120.575313,30.2050018],[120.575383,30.2049882],[120.5755128,30.2049284],[120.5757469,30.2048173],[120.576051,30.2046926],[120.5762662,30.2046004],[120.5763739,30.2044654],[120.5764217,30.2042894],[120.5765597,30.2040496],[120.5767073,30.2038214],[120.5768754,30.2035617],[120.5771939,30.203108],[120.5773934,30.2028346],[120.5776189,30.2025148],[120.5777938,30.2022688],[120.5779619,30.2019955],[120.57813,30.2016552],[120.578197,30.2014393],[120.5782312,30.2012343],[120.5782449,30.2010197],[120.5782585,30.200745],[120.5782599,30.2003596],[120.5782367,30.2000603],[120.5782038,30.1998375],[120.5781136,30.199638],[120.5779756,30.1994179],[120.5774125,30.1985829],[120.5769205,30.1979159],[120.5759474,30.1967378],[120.5751712,30.1957565],[120.5744072,30.1947589],[120.5740983,30.1944855],[120.5737184,30.1941726],[120.5732838,30.193794],[120.5729763,30.1935206],[120.5727917,30.1933416],[120.5727125,30.1931926],[120.5726387,30.1929494],[120.5726113,30.1928578]]]}},{"type":"Feature","properties":{"parcelId":"BH-0227","sourceId":"227","sourceName":"评价单元","areaMu":1.05},"geometry":{"type":"Polygon","coordinates":[[[120.5790522,30.2025081],[120.5788018,30.2023796],[120.580042,30.2004834],[120.5800011,30.2003193],[120.5797141,30.2001246],[120.5795295,30.1998888],[120.5792835,30.1997043],[120.5790375,30.1994788],[120.5788428,30.1993046],[120.5786993,30.1992021],[120.5785763,30.1990381],[120.578484,30.1988638],[120.5784123,30.1987101],[120.578402,30.1985563],[120.578402,30.1984026],[120.578402,30.1982488],[120.5784533,30.1979721],[120.5784706,30.1979421],[120.5784558,30.1979291],[120.5782081,30.1977049],[120.5780352,30.1975106],[120.577764,30.1972223],[120.5776978,30.1971838],[120.5776465,30.1972052],[120.5775654,30.1972799],[120.5773967,30.1974209],[120.5773198,30.1974657],[120.5772643,30.1974187],[120.5770785,30.1972137],[120.5769333,30.1970408],[120.5768927,30.1969297],[120.5769397,30.1968678],[120.5770272,30.1967845],[120.5771361,30.1967012],[120.577213,30.1966137],[120.577181,30.1965603],[120.5770123,30.1963617],[120.576771,30.1960649],[120.5765532,30.1957937],[120.5763738,30.1955908],[120.5761474,30.1953068],[120.5760471,30.1951402],[120.5760663,30.1949096],[120.576109,30.1948284],[120.5761239,30.1947452],[120.5760834,30.1946597],[120.5757993,30.1943629],[120.5755367,30.1941344],[120.5752655,30.1939166],[120.5750114,30.1937543],[120.574706,30.1935109],[120.5743793,30.1933059],[120.5740547,30.1931265],[120.5736959,30.1929407],[120.5733628,30.1928083],[120.5731065,30.1927314],[120.573004,30.1926866],[120.5729656,30.1928339],[120.5727584,30.1928296],[120.5727691,30.192883],[120.5728054,30.1930688],[120.5728652,30.1932119],[120.5729421,30.1932909],[120.5730873,30.1934596],[120.5731855,30.1935642],[120.5733457,30.1936603],[120.5736489,30.1939465],[120.5738219,30.194081],[120.574012,30.1942775],[120.5743109,30.1945103],[120.5745159,30.1946896],[120.5746505,30.1948711],[120.5749601,30.1952854],[120.5751245,30.1954755],[120.575368,30.1958193],[120.5757161,30.1962805],[120.5760043,30.1966393],[120.5762627,30.1969383],[120.5765852,30.1973141],[120.5768073,30.1976003],[120.5772151,30.1981256],[120.5774351,30.1983989],[120.5776401,30.1986872],[120.5778366,30.1989477],[120.5779796,30.1991506],[120.5781676,30.1994346],[120.5783149,30.1997144],[120.5783469,30.1998403],[120.5783726,30.2000731],[120.5783982,30.200276],[120.5783875,30.2007202],[120.578379,30.2010255],[120.5783192,30.2014334],[120.5782444,30.2016897],[120.5781569,30.2018989],[120.5780309,30.2021338],[120.5778323,30.2024221],[120.5775889,30.2027488],[120.5773988,30.203035],[120.5772066,30.2032913],[120.5770272,30.203539],[120.5768906,30.2037867],[120.5767368,30.2040194],[120.5765681,30.2042778],[120.5765916,30.2043419],[120.5766428,30.204391],[120.576724,30.2044081],[120.5768393,30.2043803],[120.5769995,30.2043269],[120.577134,30.2042607],[120.5772771,30.2041924],[120.5773753,30.2041134],[120.5775803,30.2039853],[120.5777746,30.2038828],[120.578001,30.2037568],[120.5782444,30.2036308],[120.5784708,30.2035133],[120.5786395,30.2034322],[120.5786395,30.2033703],[120.5786053,30.2031738],[120.5786395,30.2030115],[120.5786886,30.2028748],[120.5787634,30.202798],[120.5788893,30.2027019],[120.5790068,30.2025566],[120.5790522,30.2025081]]]}},{"type":"Feature","properties":{"parcelId":"BH-0228","sourceId":"228","sourceName":"评价单元","areaMu":0.7},"geometry":{"type":"Polygon","coordinates":[[[120.520602,30.20911],[120.5205131,30.208999],[120.5203491,30.209069],[120.520262,30.2089135],[120.5203423,30.2087734],[120.5203149,30.2087205],[120.5202261,30.2086231],[120.5201902,30.2085189],[120.520127,30.2083703],[120.5200946,30.2082063],[120.5200724,30.2081055],[120.5200416,30.2081208],[120.5200365,30.2080798],[120.5199528,30.2081038],[120.5198657,30.2081311],[120.5198229,30.2081636],[120.5197768,30.2082814],[120.5196692,30.2086265],[120.519512,30.2091425],[120.5192916,30.2099129],[120.5191806,30.2102768],[120.5190337,30.2107073],[120.5189619,30.2108218],[120.5188082,30.2109772],[120.518663,30.2110849],[120.5184665,30.2111908],[120.5183342,30.211247],[120.5184807,30.2117589],[120.5186345,30.2124745],[120.5186517,30.2125545],[120.518593,30.2126354],[120.5185998,30.2126668],[120.5186237,30.2127454],[120.5186698,30.2127864],[120.5188287,30.2127659],[120.5191481,30.2126583],[120.5195154,30.2125404],[120.5196179,30.2124772],[120.5196436,30.2123268],[120.5196812,30.2118707],[120.5197614,30.2114641],[120.51984,30.2111207],[120.519922,30.2108098],[120.5200433,30.210463],[120.520221,30.2100513],[120.5203645,30.2097592],[120.5204875,30.2095354],[120.520602,30.2094038],[120.5206652,30.2093748],[120.5206942,30.2093321],[120.5206788,30.2092655],[120.520602,30.20911]]]}},{"type":"Feature","properties":{"parcelId":"BH-0229","sourceId":"229","sourceName":"评价单元","areaMu":0.7},"geometry":{"type":"Polygon","coordinates":[[[120.5430654,30.2075495],[120.543245,30.2065621],[120.5431385,30.2066608],[120.5423227,30.2073697],[120.5416714,30.2079292],[120.5414152,30.2081684],[120.5412358,30.2082816],[120.5408749,30.2083926],[120.5407574,30.2083969],[120.5404542,30.208399],[120.54042,30.2084076],[120.5403325,30.2085635],[120.54025,30.2087285],[120.54018,30.2088916],[120.539758,30.2096867],[120.5394142,30.2103487],[120.5394014,30.2104405],[120.5394463,30.2104768],[120.539521,30.2104747],[120.5395979,30.2104747],[120.5396854,30.2104533],[120.5398008,30.2103914],[120.5399097,30.2103017],[120.540057,30.2101843],[120.5402919,30.20996],[120.5407745,30.2095265],[120.5412913,30.2090503],[120.5419811,30.2084609],[120.5430654,30.2075495]]]}},{"type":"Feature","properties":{"parcelId":"BH-0230","sourceId":"230","sourceName":"评价单元","areaMu":0.7},"geometry":{"type":"Polygon","coordinates":[[[120.543245,30.2065621],[120.5430654,30.2075495],[120.5431064,30.2075149],[120.5443108,30.2065732],[120.5447977,30.2062401],[120.5456263,30.2057511],[120.5471296,30.204899],[120.5496537,30.2035088],[120.5511507,30.2026973],[120.5516974,30.2024048],[120.5517593,30.2023386],[120.5518746,30.2021678],[120.5518682,30.2020759],[120.5518234,30.2021251],[120.5516675,30.2020653],[120.5516782,30.2019777],[120.5512489,30.201777],[120.5512041,30.2018474],[120.5510781,30.2019692],[120.550115,30.2025137],[120.5490195,30.2030945],[120.5483383,30.2034661],[120.5475759,30.2038847],[120.546568,30.2044527],[120.5459082,30.2048264],[120.545165,30.205245],[120.5445265,30.2056016],[120.543888,30.2060415],[120.5434289,30.2063917],[120.543245,30.2065621]]]}},{"type":"Feature","properties":{"parcelId":"BH-0231","sourceId":"231","sourceName":"评价单元","areaMu":0.7},"geometry":{"type":"Polygon","coordinates":[[[120.5878132,30.22441],[120.5878113,30.224324],[120.5878108,30.2243016],[120.5877937,30.2240043],[120.5878278,30.2237481],[120.5879064,30.2234235],[120.5880055,30.2231194],[120.5880978,30.2229315],[120.588149,30.2227026],[120.588067,30.2226137],[120.5879987,30.2225249],[120.5879679,30.2224156],[120.5877629,30.2222003],[120.5875408,30.2219987],[120.5871582,30.2217185],[120.5869566,30.2215921],[120.5865432,30.221271],[120.5862362,30.2210571],[120.5860214,30.2219931],[120.5865158,30.2224531],[120.5870249,30.2229725],[120.5872607,30.223198],[120.5872846,30.2232868],[120.5872914,30.2235499],[120.5873324,30.2236832],[120.5873632,30.2238574],[120.5873802,30.2241581],[120.5873427,30.2244622],[120.5873051,30.2247936],[120.5873013,30.224818],[120.5878132,30.22441]]]}},{"type":"Feature","properties":{"parcelId":"BH-0232","sourceId":"232","sourceName":"评价单元","areaMu":0.7},"geometry":{"type":"Polygon","coordinates":[[[120.5862362,30.2210571],[120.5861263,30.2209805],[120.5848587,30.2200819],[120.5847425,30.2201605],[120.5845956,30.2204304],[120.5846537,30.2205056],[120.5845204,30.2206559],[120.5844248,30.2206184],[120.5844077,30.2206662],[120.58532,30.2214281],[120.585976,30.2219509],[120.5860214,30.2219931],[120.5862362,30.2210571]]]}},{"type":"Feature","properties":{"parcelId":"BH-0233","sourceId":"233","sourceName":"评价单元","areaMu":0.7},"geometry":{"type":"Polygon","coordinates":[[[120.5477833,30.2201911],[120.5471662,30.2199359],[120.5469228,30.2198313],[120.5467626,30.2197971],[120.5466238,30.219827],[120.5465,30.219906],[120.5461604,30.2204314],[120.5459319,30.2207944],[120.5458914,30.2208734],[120.5459234,30.2209567],[120.5460601,30.2210143],[120.5462138,30.2210998],[120.5465982,30.2214265],[120.5470125,30.2217621],[120.5473681,30.2212509],[120.5475218,30.2208238],[120.5476499,30.2205163],[120.5477833,30.2201911]]]}},{"type":"Feature","properties":{"parcelId":"BH-0234","sourceId":"234","sourceName":"评价单元","areaMu":0.7},"geometry":{"type":"Polygon","coordinates":[[[120.5487141,30.2178494],[120.5487058,30.2178426],[120.548303,30.2174889],[120.5480047,30.2172849],[120.5479329,30.2172696],[120.5478766,30.2173844],[120.547731,30.2175996],[120.5474799,30.2180404],[120.5475834,30.2181808],[120.5474912,30.2183069],[120.5472841,30.2182751],[120.5469397,30.2188358],[120.5468331,30.2190367],[120.5469822,30.2191246],[120.5469488,30.2192117],[120.546895,30.2192963],[120.5469002,30.2193552],[120.5469796,30.2194424],[120.5472845,30.2195679],[120.5479346,30.2198499],[120.5480577,30.2195711],[120.5487141,30.2178494]]]}},{"type":"Feature","properties":{"parcelId":"BH-0235","sourceId":"235","sourceName":"评价单元","areaMu":0.7},"geometry":{"type":"Polygon","coordinates":[[[120.5437341,30.2315032],[120.5436797,30.2316281],[120.5435157,30.231963],[120.5433927,30.2321611],[120.5433107,30.2323183],[120.5432629,30.2324276],[120.5432673,30.2324435],[120.5432848,30.2324497],[120.5433873,30.2325248],[120.544083,30.2330701],[120.5445135,30.2334337],[120.5450246,30.2338587],[120.545887,30.2346049],[120.5459922,30.2346869],[120.5460756,30.2347416],[120.546133,30.2347443],[120.5465089,30.2340323],[120.5466209,30.2338041],[120.5466237,30.2337576],[120.5465663,30.233692],[120.5456793,30.2330141],[120.5449153,30.2324141],[120.5441677,30.2318401],[120.5437481,30.2315107],[120.5437341,30.2315032]]]}},{"type":"Feature","properties":{"parcelId":"BH-0236","sourceId":"236","sourceName":"评价单元","areaMu":0.7},"geometry":{"type":"Polygon","coordinates":[[[120.5434476,30.2054484],[120.5436062,30.2045764],[120.544935,30.2044213],[120.5451335,30.2042959],[120.5452628,30.2042207],[120.5446342,30.2036863],[120.5440811,30.2039931],[120.5437779,30.2042152],[120.5433422,30.2045632],[120.5427806,30.2051548],[120.5426439,30.2053149],[120.5424667,30.2053897],[120.5422617,30.2054217],[120.542046,30.2053939],[120.5419029,30.2053512],[120.5417919,30.2055396],[120.5414519,30.2061956],[120.5411649,30.2067747],[120.5411444,30.2068653],[120.5411786,30.206896],[120.5412674,30.2069046],[120.5413289,30.2068943],[120.5414195,30.2068943],[120.5415869,30.2069097],[120.5417218,30.2069063],[120.5417834,30.2068841],[120.5418312,30.2068328],[120.541961,30.2067115],[120.542096,30.2065834],[120.5423488,30.2063442],[120.5426256,30.2061153],[120.5428101,30.2059581],[120.5430424,30.20576],[120.5431842,30.205654],[120.5434319,30.205461],[120.5434476,30.2054484]]]}},{"type":"Feature","properties":{"parcelId":"BH-0237","sourceId":"237","sourceName":"评价单元","areaMu":0.7},"geometry":{"type":"Polygon","coordinates":[[[120.5467099,30.2262609],[120.5460298,30.225265],[120.5458111,30.2251625],[120.545593,30.2250848],[120.5454889,30.2252827],[120.5452668,30.2256671],[120.5450276,30.2260515],[120.544861,30.2265164],[120.5455856,30.2268093],[120.545876,30.226934],[120.5462396,30.2274506],[120.5463379,30.2272069],[120.5465088,30.2267695],[120.5466659,30.2264279],[120.5467099,30.2262609]]]}},{"type":"Feature","properties":{"parcelId":"BH-0238","sourceId":"238","sourceName":"评价单元","areaMu":0.7},"geometry":{"type":"Polygon","coordinates":[[[120.5469695,30.2218239],[120.5461286,30.2211326],[120.5458587,30.2209994],[120.5458006,30.2210335],[120.5458689,30.2211394],[120.5458006,30.2212864],[120.5456673,30.2212488],[120.5449908,30.2223865],[120.5449464,30.2224856],[120.5450011,30.2225915],[120.5458655,30.2230221],[120.5462547,30.2232251],[120.5464626,30.2228141],[120.5467616,30.2221649],[120.5469581,30.2218403],[120.5469695,30.2218239]]]}},{"type":"Feature","properties":{"parcelId":"BH-0239","sourceId":"239","sourceName":"评价单元","areaMu":0.7},"geometry":{"type":"Polygon","coordinates":[[[120.5326515,30.2317233],[120.5324423,30.2316577],[120.5305691,30.2310914],[120.5305409,30.2311554],[120.5306203,30.2312169],[120.5305742,30.2313861],[120.530423,30.231363],[120.5301796,30.2319908],[120.5321169,30.2325238],[120.5322093,30.2325462],[120.5322369,30.2325504],[120.5326515,30.2317233]]]}},{"type":"Feature","properties":{"parcelId":"BH-0240","sourceId":"240","sourceName":"评价单元","areaMu":0.7},"geometry":{"type":"Polygon","coordinates":[[[120.5348718,30.2324423],[120.5348644,30.2322941],[120.5348131,30.2320173],[120.5347414,30.2319149],[120.5343224,30.2317724],[120.5335724,30.2319934],[120.5330881,30.2318601],[120.5326515,30.2317233],[120.5322369,30.2325504],[120.5330501,30.2326734],[120.5334952,30.2328184],[120.533862,30.2327314],[120.5348718,30.2324423]]]}},{"type":"Feature","properties":{"parcelId":"BH-0241","sourceId":"241","sourceName":"评价单元","areaMu":0.7},"geometry":{"type":"Polygon","coordinates":[[[120.5440609,30.2331987],[120.5440419,30.233275],[120.5439735,30.2333775],[120.5438232,30.2336782],[120.5435578,30.2340266],[120.5436902,30.2341229],[120.5441736,30.2344833],[120.5445119,30.2347464],[120.5448809,30.2350044],[120.5452055,30.2352504],[120.545472,30.2354605],[120.5455984,30.2355716],[120.5460118,30.2349343],[120.5460306,30.234866],[120.5459982,30.2348284],[120.5440609,30.2331987]]]}},{"type":"Feature","properties":{"parcelId":"BH-0242","sourceId":"242","sourceName":"评价单元","areaMu":0.7},"geometry":{"type":"Polygon","coordinates":[[[120.5428509,30.2021702],[120.542551,30.2019152],[120.5425104,30.2020431],[120.5424612,30.20211],[120.5424338,30.2021852],[120.5423682,30.2023246],[120.5422206,30.2025843],[120.5421236,30.2027346],[120.5418721,30.2032622],[120.5416193,30.2038375],[120.5414744,30.204171],[120.5413241,30.2044252],[120.5411669,30.204566],[120.5409633,30.2046794],[120.5407637,30.2047546],[120.5405902,30.2047915],[120.5403551,30.2048298],[120.5400066,30.204909],[120.539721,30.2050211],[120.5393246,30.2051496],[120.5392194,30.2051537],[120.5388449,30.2052015],[120.5386556,30.2052391],[120.538249,30.2053945],[120.5380081,30.20555],[120.5377673,30.2057635],[120.537687,30.2058763],[120.5377058,30.2059122],[120.5377451,30.2059293],[120.537974,30.206001],[120.5381165,30.206057],[120.5383433,30.2061322],[120.5387506,30.2062702],[120.5390772,30.2063495],[120.5394982,30.2064315],[120.5402034,30.2066037],[120.5405095,30.2067172],[120.5406134,30.2067773],[120.5406708,30.2066721],[120.5405683,30.2066024],[120.5406298,30.2064383],[120.5407706,30.2064698],[120.5408006,30.2064192],[120.540899,30.2061992],[120.5411806,30.205632],[120.5413473,30.2052452],[120.541551,30.2048434],[120.5416548,30.2046193],[120.5417382,30.2044648],[120.5418243,30.2042981],[120.5419582,30.2040289],[120.5421878,30.203582],[120.5423218,30.2033059],[120.5424721,30.2030148],[120.5425541,30.2028604],[120.5426347,30.2026417],[120.5426921,30.2024749],[120.5426279,30.2024353],[120.5426703,30.2023519],[120.5427536,30.2023943],[120.5428015,30.2022768],[120.5428509,30.2021702]]]}},{"type":"Feature","properties":{"parcelId":"BH-0243","sourceId":"243","sourceName":"评价单元","areaMu":0.7},"geometry":{"type":"Polygon","coordinates":[[[120.542551,30.2019152],[120.5428509,30.2021702],[120.5429422,30.2019734],[120.5430598,30.2017547],[120.5431609,30.2015292],[120.5433072,30.2012299],[120.5433454,30.201152],[120.5433236,30.2010782],[120.5432744,30.2010481],[120.5431814,30.2010044],[120.5431404,30.2010126],[120.5431076,30.201044],[120.5429504,30.2013023],[120.542863,30.2014431],[120.5428206,30.2014896],[120.5427523,30.2015073],[120.5426853,30.2015196],[120.5426593,30.2015565],[120.5426306,30.2016618],[120.5425746,30.2018408],[120.542551,30.2019152]]]}},{"type":"Feature","properties":{"parcelId":"BH-0244","sourceId":"244","sourceName":"评价单元","areaMu":0.7},"geometry":{"type":"Polygon","coordinates":[[[120.5298606,30.2128605],[120.5291175,30.2124454],[120.5286118,30.2121652],[120.5281881,30.2119311],[120.5279438,30.2117415],[120.5279199,30.2117398],[120.5278994,30.2117449],[120.5278431,30.211803],[120.5278003,30.2118611],[120.5276107,30.2120627],[120.527416,30.2122899],[120.5272725,30.2124095],[120.5273408,30.2125154],[120.5272144,30.2126435],[120.5271102,30.2125923],[120.5271016,30.2126384],[120.5271341,30.2126743],[120.5272127,30.2127204],[120.5273357,30.2127887],[120.5274792,30.2128947],[120.5275424,30.2129237],[120.5277474,30.2130484],[120.5280822,30.2132346],[120.5286972,30.2135934],[120.5292986,30.2139419],[120.5299768,30.2143536],[120.5303612,30.2145723],[120.5307626,30.2147927],[120.5313162,30.2151002],[120.5316954,30.2153274],[120.5323019,30.215669],[120.5326589,30.2158518],[120.5333474,30.2162431],[120.5338531,30.2165352],[120.5345125,30.216911],[120.5352334,30.2173245],[120.5353718,30.2173945],[120.5354145,30.217386],[120.5354316,30.2173603],[120.5354504,30.2173074],[120.5354743,30.2172185],[120.5355222,30.2171041],[120.5355802,30.2169503],[120.5357323,30.2165796],[120.5358621,30.2162021],[120.5358331,30.2161918],[120.5356725,30.2161098],[120.5356059,30.2160381],[120.5354914,30.2159902],[120.5347124,30.2155614],[120.5339146,30.2151207],[120.5334807,30.2148815],[120.5330314,30.2146355],[120.5324095,30.214287],[120.5317432,30.2139197],[120.5311129,30.2135643],[120.530532,30.2132415],[120.5298606,30.2128605]]]}},{"type":"Feature","properties":{"parcelId":"BH-0245","sourceId":"245","sourceName":"评价单元","areaMu":0.7},"geometry":{"type":"Polygon","coordinates":[[[120.560093,30.2306116],[120.5601631,30.2304783],[120.5603373,30.2305193],[120.5604432,30.2303263],[120.5605372,30.2301981],[120.5606004,30.23007],[120.5605867,30.2300307],[120.5597667,30.2295268],[120.5592525,30.2291595],[120.558494,30.2286623],[120.5576296,30.2281071],[120.5569274,30.2276339],[120.5559027,30.2269711],[120.5545201,30.2260778],[120.5526985,30.2248542],[120.5526592,30.2248486],[120.5526244,30.2248581],[120.5519817,30.2260554],[120.5519766,30.2260981],[120.5520005,30.2261408],[120.5596591,30.2307106],[120.5599341,30.2308559],[120.5600281,30.2309122],[120.5600623,30.2309071],[120.5601989,30.230726],[120.560093,30.2306116]]]}},{"type":"Feature","properties":{"parcelId":"BH-0246","sourceId":"246","sourceName":"评价单元","areaMu":0.7},"geometry":{"type":"Polygon","coordinates":[[[120.5675464,30.1989817],[120.5677979,30.1985772],[120.5678074,30.1985403],[120.5677951,30.1984979],[120.5674698,30.198338],[120.5664981,30.1980141],[120.5653815,30.1977681],[120.565085,30.1977503],[120.5645615,30.1977093],[120.5642007,30.1976751],[120.5632782,30.1976519],[120.5621862,30.1977257],[120.5607662,30.1979881],[120.55982,30.1981912],[120.5597653,30.1981912],[120.5596987,30.1981912],[120.5596611,30.1981997],[120.5596082,30.1982646],[120.5595074,30.1984355],[120.5594903,30.1984953],[120.5595928,30.1986166],[120.5594595,30.1987857],[120.5593298,30.1987576],[120.5592068,30.1989284],[120.5591617,30.198994],[120.5591494,30.1990473],[120.5591727,30.1990815],[120.5593011,30.199132],[120.5595485,30.1992017],[120.5598929,30.1992195],[120.5601744,30.1991799],[120.5605148,30.199102],[120.5607403,30.1990555],[120.5613266,30.1989188],[120.5617639,30.1988163],[120.5622163,30.1987261],[120.5625757,30.1986892],[120.5630882,30.1986797],[120.5635994,30.198681],[120.564008,30.1986756],[120.5642663,30.1986879],[120.5645233,30.1987535],[120.5654731,30.1989844],[120.5658011,30.1990815],[120.5663109,30.1992865],[120.566643,30.1994108],[120.5668439,30.1994928],[120.5669655,30.1995598],[120.5670557,30.1995981],[120.567135,30.1996568],[120.5672935,30.1994327],[120.5675464,30.1989817]]]}},{"type":"Feature","properties":{"parcelId":"BH-0247","sourceId":"247","sourceName":"评价单元","areaMu":0.7},"geometry":{"type":"Polygon","coordinates":[[[120.5707503,30.193597],[120.5708502,30.1934535],[120.5710194,30.1935022],[120.5711475,30.1933125],[120.5705709,30.1929205],[120.5691282,30.1920415],[120.5676701,30.1911344],[120.5662607,30.1902964],[120.5650204,30.1896378],[120.5649359,30.1896378],[120.5647565,30.1899992],[120.5643439,30.1906424],[120.56408,30.1910678],[120.5653092,30.1917519],[120.569551,30.1940326],[120.5702327,30.1943734],[120.5702813,30.1943811],[120.5703454,30.1943453],[120.5704043,30.194253],[120.5706196,30.1939455],[120.5708144,30.193702],[120.5707503,30.193597]]]}},{"type":"Feature","properties":{"parcelId":"BH-0248","sourceId":"248","sourceName":"评价单元","areaMu":0.7},"geometry":{"type":"Polygon","coordinates":[[[120.5440609,30.2331987],[120.5432639,30.2325281],[120.5420509,30.232227],[120.5419338,30.2321985],[120.5414998,30.2331155],[120.5412649,30.2335572],[120.5417442,30.233631],[120.5432204,30.2338598],[120.5434271,30.2339315],[120.5435578,30.2340266],[120.5438232,30.2336782],[120.5439735,30.2333775],[120.5440419,30.233275],[120.5440609,30.2331987]]]}},{"type":"Feature","properties":{"parcelId":"BH-0249","sourceId":"249","sourceName":"评价单元","areaMu":0.7},"geometry":{"type":"Polygon","coordinates":[[[120.5592941,30.2233541],[120.5588132,30.2231547],[120.5578394,30.2227105],[120.5573881,30.2224419],[120.5574452,30.2229058],[120.5573512,30.2231749],[120.5573021,30.2233927],[120.5573149,30.2234696],[120.5574473,30.2235508],[120.5577676,30.223728],[120.5592923,30.2247146],[120.5595358,30.224027],[120.5595358,30.2239138],[120.5594781,30.2238006],[120.5592941,30.2233541]]]}},{"type":"Feature","properties":{"parcelId":"BH-0250","sourceId":"250","sourceName":"评价单元","areaMu":0.7},"geometry":{"type":"Polygon","coordinates":[[[120.5361877,30.2207886],[120.5361576,30.220648],[120.5363134,30.2203559],[120.5365276,30.2200313],[120.5367159,30.2197846],[120.5369755,30.2197197],[120.5371962,30.2198625],[120.5375987,30.2200248],[120.5377481,30.2199988],[120.5378325,30.21983],[120.538156,30.2192256],[120.5384943,30.2186516],[120.5389555,30.2177188],[120.5392323,30.2171756],[120.5393656,30.2168632],[120.5388825,30.2174573],[120.5376243,30.2190076],[120.5370374,30.2193869],[120.5355127,30.2198712],[120.5351301,30.2197677],[120.5351117,30.2197894],[120.5350822,30.2198424],[120.5351207,30.2198712],[120.5350668,30.2200403],[120.5349848,30.2200403],[120.5346235,30.220886],[120.5345876,30.2209731],[120.5345825,30.2210602],[120.5346056,30.2211038],[120.534908,30.221114],[120.535218,30.2210474],[120.5359227,30.2208552],[120.5361877,30.2207886]]]}},{"type":"Feature","properties":{"parcelId":"BH-0251","sourceId":"251","sourceName":"评价单元","areaMu":0.7},"geometry":{"type":"Polygon","coordinates":[[[120.561617,30.2128434],[120.56136,30.2128122],[120.5612063,30.212884],[120.560909,30.2129147],[120.5608578,30.2128942],[120.560745,30.2127405],[120.560745,30.2125764],[120.5607553,30.2124534],[120.5607655,30.2123612],[120.5608168,30.2122484],[120.5608783,30.2121152],[120.5610013,30.2119717],[120.561155,30.2117154],[120.5613871,30.211306],[120.5610476,30.2110638],[120.5610177,30.2110617],[120.5609814,30.2110724],[120.5603109,30.2121807],[120.5600546,30.2125757],[120.5599628,30.2127466],[120.5600525,30.2128384],[120.5599611,30.2130045],[120.5597894,30.2129712],[120.5596023,30.2133249],[120.5596946,30.2134376],[120.5598304,30.2135273],[120.5599867,30.2136939],[120.560079,30.2138092],[120.5601405,30.2139091],[120.5603198,30.2147804],[120.5605248,30.2156824],[120.5606684,30.2164383],[120.5607068,30.2166254],[120.5607632,30.2167535],[120.5608529,30.2168407],[120.561022,30.2168791],[120.5611706,30.2168612],[120.5613449,30.2166228],[120.5618061,30.2157695],[120.5616191,30.2156465],[120.5615371,30.2155696],[120.5614807,30.2153544],[120.5614166,30.2151186],[120.5613397,30.2147958],[120.5613833,30.2144626],[120.5615793,30.2130925],[120.561617,30.2128434]]]}},{"type":"Feature","properties":{"parcelId":"BH-0252","sourceId":"252","sourceName":"评价单元","areaMu":0.7},"geometry":{"type":"Polygon","coordinates":[[[120.5853231,30.2255536],[120.5853431,30.2272217],[120.5856634,30.2278003],[120.5859453,30.2283598],[120.5864578,30.2294937],[120.5867717,30.2301941],[120.5871006,30.2308988],[120.5873333,30.2313879],[120.5874081,30.2315566],[120.587485,30.2316633],[120.5875597,30.2317189],[120.5876152,30.2317317],[120.58769,30.2316676],[120.5877882,30.2315907],[120.5878202,30.2314989],[120.5879185,30.2312619],[120.5879697,30.2311615],[120.5879868,30.2311081],[120.5879996,30.2310376],[120.5879291,30.2309714],[120.5878523,30.2309245],[120.5877498,30.2308134],[120.5874209,30.2301194],[120.5871924,30.2296197],[120.5867269,30.2286545],[120.5862015,30.227591],[120.5858044,30.2268073],[120.5855823,30.2263525],[120.5854413,30.2259787],[120.5853324,30.2256413],[120.5853231,30.2255536]]]}},{"type":"Feature","properties":{"parcelId":"BH-0253","sourceId":"253","sourceName":"评价单元","areaMu":0.7},"geometry":{"type":"Polygon","coordinates":[[[120.5853231,30.2255536],[120.5853004,30.2253381],[120.5852641,30.225052],[120.5852598,30.2250028],[120.5852449,30.2249815],[120.5852128,30.2249644],[120.5851146,30.2250477],[120.5849758,30.2249986],[120.5849651,30.2248277],[120.5848648,30.2247658],[120.5847324,30.2246825],[120.5846533,30.2246462],[120.5846234,30.2246783],[120.584617,30.2247893],[120.5846213,30.2249559],[120.5845722,30.2252014],[120.5845637,30.2254534],[120.5846427,30.2257118],[120.5847836,30.2260257],[120.5849972,30.2265254],[120.5851872,30.2269119],[120.5853111,30.2271639],[120.5853431,30.2272217],[120.5853231,30.2255536]]]}},{"type":"Feature","properties":{"parcelId":"BH-0254","sourceId":"254","sourceName":"评价单元","areaMu":0.7},"geometry":{"type":"Polygon","coordinates":[[[120.5227132,30.2305435],[120.5215293,30.2302771],[120.5215833,30.2303378],[120.521831,30.2306389],[120.5220339,30.2308481],[120.5221556,30.2310489],[120.5221919,30.2312048],[120.5221791,30.2313115],[120.5221855,30.2313671],[120.5230525,30.2315251],[120.5232916,30.2315998],[120.52336,30.2316212],[120.5235372,30.2316767],[120.5236483,30.2316938],[120.5236547,30.2315614],[120.5235906,30.231271],[120.5235137,30.2310681],[120.5233262,30.2306843],[120.5227132,30.2305435]]]}},{"type":"Feature","properties":{"parcelId":"BH-0255","sourceId":"255","sourceName":"评价单元","areaMu":0.7},"geometry":{"type":"Polygon","coordinates":[[[120.5853982,30.2318356],[120.5854196,30.2336273],[120.5854547,30.2337789],[120.5854398,30.2339669],[120.5854251,30.2340898],[120.5854273,30.2342748],[120.5853367,30.2343672],[120.5852262,30.234616],[120.5849636,30.2352161],[120.5847628,30.2357009],[120.5846069,30.2360361],[120.5843528,30.2365978],[120.5842119,30.2368967],[120.5839407,30.2374477],[120.5838189,30.2377082],[120.5837592,30.2378619],[120.5837549,30.2379132],[120.5838723,30.2380221],[120.5839919,30.2380798],[120.5840325,30.238099],[120.5840923,30.2379773],[120.5841841,30.2380285],[120.5841585,30.2380819],[120.5841798,30.2380904],[120.5842396,30.238052],[120.5842695,30.2379538],[120.5842994,30.2378683],[120.5844553,30.2375587],[120.5848183,30.236933],[120.5850404,30.2365316],[120.585128,30.2363821],[120.585286,30.2361023],[120.5853394,30.2359849],[120.5854035,30.2358973],[120.5854334,30.2357863],[120.5856384,30.2354467],[120.5857494,30.2352289],[120.5858882,30.2350068],[120.5860099,30.2347719],[120.5861637,30.2344708],[120.5862705,30.2342445],[120.5863559,30.23408],[120.586247,30.2339562],[120.586121,30.2337128],[120.5860462,30.2335697],[120.5858113,30.2329461],[120.5856255,30.2324443],[120.5853982,30.2318356]]]}},{"type":"Feature","properties":{"parcelId":"BH-0256","sourceId":"256","sourceName":"评价单元","areaMu":0.87},"geometry":{"type":"Polygon","coordinates":[[[120.5730031,30.1949088],[120.5725995,30.194582],[120.5722514,30.1942767],[120.5717944,30.1939094],[120.5714933,30.1936723],[120.5714207,30.1937514],[120.5713203,30.1938688],[120.5711431,30.1940845],[120.5709424,30.1943685],[120.5710043,30.1944368],[120.5708954,30.1945949],[120.5707886,30.1945714],[120.5707608,30.1946119],[120.5707544,30.1946696],[120.5707758,30.1947166],[120.5708911,30.19477],[120.5712221,30.1949899],[120.5716172,30.1952697],[120.5719546,30.1954982],[120.5724094,30.1958163],[120.5726635,30.1960085],[120.5729027,30.1961922],[120.5732209,30.1964698],[120.5734045,30.1966577],[120.5735604,30.1968435],[120.5737419,30.1970763],[120.5738615,30.1972514],[120.5739939,30.1974777],[120.5741071,30.1976891],[120.574389,30.1982593],[120.5746602,30.1987974],[120.5747648,30.1990174],[120.5748417,30.1991605],[120.5749293,30.1993527],[120.5749912,30.199547],[120.5751599,30.2000317],[120.5752389,30.200288],[120.5752538,30.2006211],[120.5752688,30.2009308],[120.5752944,30.2013621],[120.5752709,30.2016803],[120.5752538,30.2019344],[120.5752154,30.202259],[120.5751642,30.2025025],[120.5750467,30.2029424],[120.5749506,30.2031474],[120.5747755,30.2035616],[120.5746175,30.2038969],[120.5745321,30.20423],[120.574453,30.204403],[120.574357,30.2046721],[120.5742908,30.2049561],[120.5742865,30.2052636],[120.5743014,30.2053618],[120.574342,30.2053704],[120.5744936,30.2053277],[120.5746965,30.2052444],[120.575004,30.2051248],[120.5751385,30.2050522],[120.5751471,30.2048792],[120.5751898,30.2046742],[120.5753499,30.2043283],[120.5754887,30.2041211],[120.5758197,30.2035766],[120.5762105,30.2029488],[120.5763814,30.2026007],[120.576565,30.202069],[120.576644,30.2017102],[120.5767102,30.201219],[120.5767743,30.2006382],[120.5767786,30.2003093],[120.5766611,30.1999805],[120.576392,30.1994936],[120.5762191,30.1991925],[120.5761208,30.1990153],[120.5758005,30.1985198],[120.5755998,30.198191],[120.5751471,30.197403],[120.5748588,30.1968862],[120.5745086,30.1963139],[120.5742566,30.1960299],[120.5739491,30.1957053],[120.5735882,30.1953786],[120.5730031,30.1949088]]]}},{"type":"Feature","properties":{"parcelId":"BH-0257","sourceId":"257","sourceName":"评价单元","areaMu":0.7},"geometry":{"type":"Polygon","coordinates":[[[120.5812815,30.2308082],[120.5811175,30.2305827],[120.5808766,30.2303009],[120.5808254,30.2302291],[120.5807639,30.2301984],[120.5807229,30.2302112],[120.5806742,30.2302855],[120.5806409,30.2304162],[120.5807229,30.2305033],[120.5805968,30.2306323],[120.5805107,30.2306241],[120.5804174,30.2307809],[120.5803242,30.230946],[120.5802401,30.2310792],[120.5801837,30.2311705],[120.5801479,30.2312596],[120.5801366,30.2313047],[120.5802022,30.2314216],[120.5803252,30.2316133],[120.580524,30.2318695],[120.5806911,30.2321545],[120.5807885,30.2323164],[120.5808664,30.232421],[120.5811278,30.2327818],[120.5812631,30.2329601],[120.5815183,30.2333025],[120.5817582,30.233608],[120.5818258,30.2337443],[120.5818914,30.2339185],[120.5819109,30.2340805],[120.5818996,30.2342496],[120.5817607,30.2347238],[120.5815532,30.2354055],[120.5813456,30.2359282],[120.5812149,30.2362716],[120.5811765,30.2364202],[120.5811739,30.2365227],[120.5812841,30.2366022],[120.5817479,30.2368533],[120.5820067,30.2369942],[120.5821605,30.2370404],[120.582204,30.2370122],[120.582368,30.2366022],[120.5825039,30.2361793],[120.5828396,30.2352004],[120.5830651,30.2345188],[120.5832368,30.2340319],[120.5832829,30.2338269],[120.5832393,30.233545],[120.5830522,30.2332042],[120.5826499,30.232661],[120.5821656,30.231987],[120.5817095,30.2313413],[120.5815275,30.2310876],[120.5812815,30.2308082]]]}},{"type":"Feature","properties":{"parcelId":"BH-0258","sourceId":"258","sourceName":"评价单元","areaMu":0.7},"geometry":{"type":"Polygon","coordinates":[[[120.5551248,30.2211065],[120.5552085,30.2211217],[120.5563702,30.2218819],[120.5571219,30.2222834],[120.5572695,30.2223713],[120.5572485,30.2221979],[120.5570179,30.2204191],[120.5569517,30.2197998],[120.5562171,30.2193001],[120.5559672,30.2196781],[120.5555359,30.2203913],[120.5552604,30.2208547],[120.5551248,30.2211065]]]}},{"type":"Feature","properties":{"parcelId":"BH-0259","sourceId":"259","sourceName":"评价单元","areaMu":0.74},"geometry":{"type":"Polygon","coordinates":[[[120.5728047,30.1962044],[120.5723622,30.1958781],[120.5716567,30.1953827],[120.5711424,30.1950239],[120.5708178,30.1948138],[120.5707563,30.1947899],[120.5707171,30.1947984],[120.5706641,30.1948804],[120.570331,30.1953964],[120.5702011,30.1956304],[120.5702626,30.1957295],[120.570208,30.1958149],[120.5701461,30.195899],[120.5700026,30.1958528],[120.5699514,30.1960168],[120.5706945,30.1965037],[120.5720219,30.1972725],[120.5724473,30.1976056],[120.5726164,30.1978209],[120.5732622,30.1991585],[120.5736004,30.1999017],[120.5737593,30.2003937],[120.5738772,30.2012342],[120.5739797,30.2019568],[120.5739438,30.2023361],[120.5737798,30.2031254],[120.5736083,30.2038145],[120.5734375,30.2045457],[120.5733267,30.2049543],[120.5732283,30.2052673],[120.5731135,30.2055939],[120.5730233,30.20587],[120.5729864,30.205967],[120.5729659,30.2060559],[120.57297,30.2061092],[120.5730179,30.2061598],[120.5730821,30.2061912],[120.5731614,30.2062308],[120.573216,30.2062418],[120.5732857,30.2062021],[120.5734306,30.2060709],[120.5736466,30.205855],[120.5738721,30.2056718],[120.5740689,30.205542],[120.5741577,30.205475],[120.5741809,30.205378],[120.5741864,30.2052208],[120.5742001,30.2050883],[120.5742069,30.2049994],[120.5742069,30.2048928],[120.574226,30.2047398],[120.5742725,30.2046058],[120.5743231,30.204435],[120.5744105,30.2042218],[120.5745144,30.2039799],[120.5746524,30.2036191],[120.5748451,30.2031394],[120.5750461,30.2025394],[120.5751158,30.2022401],[120.5751527,30.2019585],[120.5751704,30.2016961],[120.5751923,30.2012315],[120.5751581,30.2007476],[120.5751472,30.2004155],[120.5751226,30.2002269],[120.574975,30.1998101],[120.574867,30.1994493],[120.5747782,30.1992525],[120.5745827,30.1988725],[120.5743337,30.1983501],[120.5740091,30.1977044],[120.5738024,30.197308],[120.5735632,30.1969851],[120.5733633,30.196734],[120.5731224,30.1964863],[120.5728047,30.1962044]]]}},{"type":"Feature","properties":{"parcelId":"BH-0260","sourceId":"260","sourceName":"评价单元","areaMu":0.7},"geometry":{"type":"Polygon","coordinates":[[[120.5428775,30.2085821],[120.5430342,30.2077209],[120.5428785,30.2078393],[120.5427268,30.2079739],[120.5425676,30.2080997],[120.5423496,30.2082835],[120.5421521,30.2084372],[120.5418685,30.2086764],[120.5417243,30.2088021],[120.5415152,30.2089832],[120.5413642,30.2091233],[120.5411462,30.2093188],[120.541043,30.2094158],[120.540838,30.2095969],[120.5406706,30.2097411],[120.5405148,30.2098825],[120.5402688,30.2101073],[120.5400549,30.2103007],[120.5399148,30.2104367],[120.5397877,30.2105194],[120.5396982,30.2105542],[120.5394905,30.2105959],[120.5393333,30.2105932],[120.5392535,30.2107172],[120.5391831,30.2108682],[120.5389343,30.2113301],[120.5387314,30.2117162],[120.538579,30.2120326],[120.5384232,30.2123367],[120.5383398,30.2125164],[120.5383514,30.2125301],[120.5383856,30.2125369],[120.5384034,30.2125356],[120.5384252,30.2125315],[120.5384433,30.2125379],[120.5385202,30.2125414],[120.5386125,30.2125243],[120.5387269,30.2124747],[120.5388585,30.2123705],[120.5389285,30.212309],[120.5390344,30.2121894],[120.5392172,30.2119964],[120.5394325,30.2117436],[120.5397913,30.2113506],[120.5399945,30.2111371],[120.5403875,30.21071],[120.541134,30.2099856],[120.5417029,30.209468],[120.5419148,30.2093006],[120.542335,30.208988],[120.5428775,30.2085821]]]}},{"type":"Feature","properties":{"parcelId":"BH-0261","sourceId":"261","sourceName":"评价单元","areaMu":0.78},"geometry":{"type":"Polygon","coordinates":[[[120.5430342,30.2077209],[120.5428775,30.2085821],[120.5430337,30.2084652],[120.5437068,30.2079595],[120.5444021,30.2074863],[120.5452426,30.2069362],[120.5462147,30.2062956],[120.5467887,30.2059437],[120.5470347,30.2057728],[120.5477471,30.2053372],[120.54841,30.2049528],[120.5488763,30.2046846],[120.5496946,30.204225],[120.5502345,30.2039227],[120.55094,30.2035742],[120.5515215,30.2033436],[120.5518037,30.2032233],[120.5519533,30.203144],[120.5523066,30.2029507],[120.5525622,30.2028078],[120.5527255,30.2026582],[120.5527426,30.2026247],[120.5527358,30.2025974],[120.5527057,30.2025646],[120.552621,30.202501],[120.5525642,30.2024621],[120.5524631,30.2025406],[120.5523278,30.2024532],[120.5523435,30.2023589],[120.5522581,30.2023165],[120.5522212,30.2023541],[120.5521952,30.2023329],[120.5522157,30.2022953],[120.5520244,30.2022003],[120.5519916,30.2021949],[120.5519697,30.202201],[120.5518898,30.2023254],[120.5517121,30.2025154],[120.5513903,30.202693],[120.5510684,30.20287],[120.5507746,30.2030292],[120.5505388,30.2031516],[120.5503181,30.2032787],[120.5500837,30.2033969],[120.549917,30.2034898],[120.5497263,30.2035985],[120.5494892,30.2037256],[120.5491742,30.2038978],[120.5489507,30.2040194],[120.5487375,30.2041363],[120.5485489,30.2042394],[120.548294,30.2043741],[120.5480535,30.2045114],[120.5478006,30.2046529],[120.5473373,30.2049084],[120.5470777,30.2050567],[120.5468317,30.2051961],[120.5465057,30.2053724],[120.5463478,30.2054633],[120.5461135,30.2055911],[120.5459426,30.2056868],[120.5457561,30.2057968],[120.5455524,30.2059198],[120.5452729,30.206064],[120.5450864,30.2061678],[120.5449709,30.2062471],[120.5447973,30.2063681],[120.5446443,30.2064644],[120.54455,30.2065396],[120.5444809,30.206584],[120.5444147,30.2066161],[120.544332,30.2066687],[120.5441673,30.2067958],[120.5440839,30.2068621],[120.5440245,30.2069154],[120.5438878,30.2070309],[120.5437156,30.2071778],[120.5436001,30.2072667],[120.5433671,30.2074519],[120.5430726,30.2076917],[120.5430342,30.2077209]]]}},{"type":"Feature","properties":{"parcelId":"BH-0262","sourceId":"262","sourceName":"评价单元","areaMu":0.7},"geometry":{"type":"Polygon","coordinates":[[[120.5426544,30.2098091],[120.5428505,30.2087305],[120.5427005,30.2088382],[120.5421085,30.2092738],[120.5415653,30.2097325],[120.5410861,30.2101528],[120.5406376,30.2105858],[120.5402276,30.2110394],[120.5393973,30.211926],[120.5391308,30.212231],[120.5388105,30.2125103],[120.538603,30.212623],[120.538462,30.2126512],[120.538298,30.2126589],[120.5381878,30.2128742],[120.5378931,30.2134482],[120.5374549,30.2142631],[120.5372294,30.2146705],[120.5372217,30.2148115],[120.5373012,30.2149703],[120.5374652,30.2150728],[120.5375523,30.2150933],[120.5375907,30.215037],[120.5376984,30.2148602],[120.5379162,30.2146167],[120.5380597,30.2144425],[120.5383057,30.2141657],[120.5394896,30.2128588],[120.5410451,30.2111214],[120.5415576,30.2105884],[120.5417472,30.2103885],[120.5426133,30.209835],[120.5426544,30.2098091]]]}},{"type":"Feature","properties":{"parcelId":"BH-0263","sourceId":"263","sourceName":"评价单元","areaMu":1.02},"geometry":{"type":"Polygon","coordinates":[[[120.5428505,30.2087305],[120.5426544,30.2098091],[120.5438049,30.2090816],[120.544935,30.2083718],[120.5458422,30.2077773],[120.546347,30.2074365],[120.547741,30.2065293],[120.549645,30.2053121],[120.5503061,30.2048662],[120.5505316,30.2047842],[120.5507827,30.2047278],[120.5515156,30.2045203],[120.5530737,30.2041308],[120.5537041,30.2039796],[120.5537476,30.2039463],[120.5540269,30.2037003],[120.5542319,30.2034748],[120.5541961,30.2034056],[120.5540936,30.2033543],[120.5538886,30.2032288],[120.5538091,30.203321],[120.5536579,30.2032313],[120.5536631,30.2031057],[120.5534068,30.2029751],[120.5528712,30.2026752],[120.55282,30.2026752],[120.552656,30.2028264],[120.5522536,30.2030596],[120.5518513,30.2032851],[120.5513183,30.2035132],[120.5503369,30.2039668],[120.5491068,30.2046535],[120.5479511,30.2053147],[120.5468518,30.2060014],[120.5459472,30.2065575],[120.5452707,30.2070111],[120.5446275,30.2074467],[120.5437665,30.2080463],[120.5432079,30.2084743],[120.5428505,30.2087305]]]}},{"type":"Feature","properties":{"parcelId":"BH-0264","sourceId":"264","sourceName":"评价单元","areaMu":0.7},"geometry":{"type":"Polygon","coordinates":[[[120.5414558,30.2141642],[120.5410196,30.2147189],[120.5405464,30.2153152],[120.5403277,30.2155714],[120.540121,30.215826],[120.5399536,30.2160583],[120.5399279,30.2161027],[120.5399433,30.2161574],[120.5401637,30.2163026],[120.5403356,30.2163981],[120.5414558,30.2141642]]]}},{"type":"Feature","properties":{"parcelId":"BH-0265","sourceId":"265","sourceName":"评价单元","areaMu":1.55},"geometry":{"type":"Polygon","coordinates":[[[120.5414558,30.2141642],[120.5403356,30.2163981],[120.5403482,30.2164051],[120.5404319,30.2164751],[120.540478,30.2164939],[120.5405224,30.2164786],[120.5407445,30.2161369],[120.5409922,30.215802],[120.5414552,30.2152366],[120.5417678,30.214818],[120.5419831,30.2145515],[120.5423931,30.2140031],[120.5425656,30.2137195],[120.542798,30.213436],[120.5432541,30.2128278],[120.5435616,30.2124707],[120.5438828,30.2122042],[120.5441971,30.211977],[120.5446191,30.2117139],[120.5450462,30.2114508],[120.5455758,30.2111194],[120.5459892,30.2108495],[120.5462096,30.2107145],[120.5464658,30.2105625],[120.5470211,30.2102977],[120.5475917,30.210038],[120.5479128,30.2098877],[120.5484766,30.2096348],[120.5488712,30.2094452],[120.5493239,30.2092487],[120.5498877,30.2089891],[120.5507316,30.2085944],[120.5510152,30.20848],[120.5512766,30.2084219],[120.5516405,30.2083621],[120.5517959,30.2083672],[120.5519719,30.2083929],[120.5521427,30.2084373],[120.5523153,30.2084732],[120.5524878,30.2085039],[120.5526484,30.2085603],[120.5527424,30.208591],[120.5527834,30.2085603],[120.5527236,30.2084919],[120.5527885,30.2083519],[120.5528876,30.2083519],[120.5530157,30.20814],[120.5535043,30.2072602],[120.5534514,30.207226],[120.553301,30.2071714],[120.5530823,30.2071372],[120.5525117,30.2070689],[120.5516371,30.2069561],[120.5513586,30.2069185],[120.5512732,30.2069237],[120.5511314,30.2069664],[120.5507709,30.2071304],[120.5501012,30.2076685],[120.5494264,30.2082118],[120.5486389,30.2088439],[120.5481332,30.2091189],[120.5470484,30.2096707],[120.5462574,30.2100739],[120.54527,30.210653],[120.5444192,30.2111758],[120.5435753,30.2117191],[120.5432046,30.2119685],[120.5427399,30.2125186],[120.5421642,30.2132566],[120.5415543,30.214039],[120.5414558,30.2141642]]]}},{"type":"Feature","properties":{"parcelId":"BH-0266","sourceId":"266","sourceName":"评价单元","areaMu":0.7},"geometry":{"type":"Polygon","coordinates":[[[120.5380044,30.2210473],[120.5387778,30.2195049],[120.5395095,30.2180457],[120.5379077,30.2203905],[120.5378872,30.2204049],[120.536219,30.2208616],[120.5363523,30.2210505],[120.5363978,30.2212128],[120.5363913,30.221427],[120.5362549,30.2217581],[120.536164,30.2219074],[120.5360694,30.2219991],[120.5380044,30.2210473]]]}},{"type":"Feature","properties":{"parcelId":"BH-0267","sourceId":"267","sourceName":"评价单元","areaMu":0.7},"geometry":{"type":"Polygon","coordinates":[[[120.5395095,30.2180457],[120.5387778,30.2195049],[120.5380044,30.2210473],[120.5386266,30.2207412],[120.5408544,30.217362],[120.540853,30.2173183],[120.5408216,30.2172664],[120.5402653,30.2170614],[120.5402106,30.2170655],[120.5401669,30.2170832],[120.5395095,30.2180457]]]}},{"type":"Feature","properties":{"parcelId":"BH-0268","sourceId":"268","sourceName":"评价单元","areaMu":0.7},"geometry":{"type":"Polygon","coordinates":[[[120.5437341,30.2315032],[120.5436819,30.231476],[120.5428141,30.2312218],[120.5424847,30.2311265],[120.5424843,30.2311274],[120.5421682,30.2316485],[120.5420316,30.2319987],[120.541983,30.2321013],[120.5421061,30.2321334],[120.5425968,30.2322618],[120.5431148,30.2323917],[120.5432673,30.2324435],[120.5432629,30.2324276],[120.5433107,30.2323183],[120.5433927,30.2321611],[120.5435157,30.231963],[120.5436797,30.2316281],[120.5437341,30.2315032]]]}},{"type":"Feature","properties":{"parcelId":"BH-0269","sourceId":"269","sourceName":"评价单元","areaMu":0.7},"geometry":{"type":"Polygon","coordinates":[[[120.5234563,30.2196835],[120.5235364,30.2196622],[120.5237499,30.2197988],[120.5251593,30.2206274],[120.5269018,30.2216353],[120.5271522,30.221778],[120.5268374,30.221398],[120.5263095,30.2207907],[120.5258764,30.2202628],[120.5256894,30.2200578],[120.5255792,30.2199834],[120.5252871,30.2198502],[120.5251,30.2197503],[120.5245567,30.2194633],[120.5242595,30.2193121],[120.524034,30.2191788],[120.5239571,30.2191993],[120.523893,30.2193044],[120.5237418,30.2194735],[120.5235522,30.2196196],[120.5234563,30.2196835]]]}},{"type":"Feature","properties":{"parcelId":"BH-0270","sourceId":"270","sourceName":"评价单元","areaMu":0.7},"geometry":{"type":"Polygon","coordinates":[[[120.5253394,30.2109975],[120.5254342,30.2109821],[120.5254496,30.211082],[120.5254957,30.2111179],[120.5256341,30.2111333],[120.5258775,30.2110743],[120.5260825,30.2110666],[120.5266719,30.2109565],[120.5270768,30.2108693],[120.5271818,30.2108719],[120.5273382,30.2108821],[120.5273971,30.2107771],[120.5276175,30.2107181],[120.5276867,30.2108104],[120.5278507,30.2107771],[120.5279173,30.2107412],[120.5279455,30.2106208],[120.5279019,30.2103414],[120.5278302,30.2102159],[120.5275227,30.2100519],[120.5271895,30.209852],[120.5270486,30.2097674],[120.5268,30.2097726],[120.5263593,30.2097187],[120.5259364,30.2095701],[120.5258057,30.209483],[120.5256033,30.2092626],[120.5255521,30.2091037],[120.5254342,30.2087399],[120.5253266,30.2078173],[120.5253061,30.2073945],[120.5252753,30.2072818],[120.5252369,30.2072382],[120.5251216,30.2072279],[120.5248653,30.207292],[120.5247295,30.2072946],[120.5245962,30.2073253],[120.5243323,30.2073663],[120.5241734,30.2073817],[120.5240453,30.2073766],[120.5237993,30.2073202],[120.5236558,30.2072459],[120.523438,30.207169],[120.523315,30.2071126],[120.5230536,30.2070742],[120.5227025,30.2070511],[120.5224514,30.2070358],[120.5223463,30.2075226],[120.5222412,30.2078378],[120.5220798,30.2081582],[120.5218774,30.2084118],[120.5216032,30.2085784],[120.5215058,30.2085887],[120.521229,30.2086553],[120.520942,30.208727],[120.5208857,30.2087629],[120.5208728,30.2088372],[120.5209139,30.2089269],[120.5209805,30.2090243],[120.5210369,30.2090525],[120.5211163,30.2089935],[120.5211573,30.2090807],[120.5210753,30.209137],[120.5212111,30.209319],[120.521288,30.2094138],[120.5213341,30.2094343],[120.5214674,30.2093959],[120.5217749,30.2092498],[120.5223002,30.2090192],[120.5227819,30.2088167],[120.5231433,30.2087091],[120.5235379,30.208604],[120.5238454,30.2085323],[120.5239761,30.2085195],[120.5240171,30.2085707],[120.5240683,30.2086681],[120.5243425,30.209401],[120.5244758,30.2098622],[120.5245245,30.2099981],[120.524627,30.2099417],[120.5248397,30.2098546],[120.5250396,30.2098366],[120.5251702,30.2098751],[120.5252651,30.2099545],[120.5253394,30.2100647],[120.5253624,30.2101697],[120.5253419,30.2103184],[120.5253189,30.2104286],[120.5252881,30.2105695],[120.5251856,30.2106566],[120.5250088,30.2107284],[120.5248627,30.2107771],[120.524814,30.2108104],[120.5248679,30.2110795],[120.5249037,30.2111461],[120.524996,30.2111794],[120.5251831,30.2111589],[120.5252804,30.2111307],[120.5253471,30.2110974],[120.5253394,30.2109975]]]}},{"type":"Feature","properties":{"parcelId":"BH-0271","sourceId":"271","sourceName":"评价单元","areaMu":0.7},"geometry":{"type":"Polygon","coordinates":[[[120.5365429,30.2145764],[120.5365921,30.2144913],[120.5366813,30.2145477],[120.5366977,30.2145282],[120.5367623,30.2144616],[120.5367848,30.2144001],[120.5368094,30.2143611],[120.5368433,30.2142904],[120.5368791,30.214234],[120.5369078,30.2141838],[120.5369089,30.2141295],[120.536872,30.2140987],[120.5368853,30.2140598],[120.5369355,30.2140854],[120.5369601,30.2140301],[120.5369601,30.213985],[120.5369304,30.2139573],[120.5368638,30.2139194],[120.5366618,30.2138343],[120.5363779,30.2137308],[120.5360653,30.2136067],[120.5356819,30.2134673],[120.5351356,30.2132439],[120.5347205,30.2130747],[120.5342049,30.2128718],[120.5339189,30.2127375],[120.5336452,30.2126166],[120.533348,30.2124761],[120.5329923,30.2123091],[120.532857,30.2122496],[120.5328293,30.2122086],[120.5328641,30.2121041],[120.5329185,30.2119554],[120.5330076,30.2117966],[120.5330404,30.2117289],[120.5330456,30.2116787],[120.5330025,30.2116407],[120.532901,30.2115915],[120.5326458,30.2114614],[120.5324726,30.2113589],[120.5323281,30.2112656],[120.5321774,30.2111323],[120.5319242,30.2109304],[120.5316269,30.2106772],[120.5313891,30.2104927],[120.5309412,30.210134],[120.5306665,30.2099105],[120.53036,30.2096819],[120.5301345,30.2095149],[120.5300535,30.2094769],[120.5300013,30.2095272],[120.5299469,30.2095784],[120.5298639,30.2096532],[120.5297409,30.2097814],[120.5296671,30.2098511],[120.52954,30.2099638],[120.5294426,30.2100561],[120.5293237,30.210177],[120.5291402,30.2103687],[120.5291023,30.2104476],[120.5291331,30.2105009],[120.5291853,30.2105696],[120.5290992,30.2107275],[120.5289158,30.2107049],[120.5289168,30.2107418],[120.5289629,30.2107756],[120.5293975,30.2110298],[120.5297942,30.2112789],[120.5301653,30.2115085],[120.5305989,30.211772],[120.5309433,30.2119852],[120.5314834,30.2123162],[120.5319129,30.2125715],[120.5322758,30.2127918],[120.5324644,30.2128841],[120.5327401,30.2130512],[120.5328488,30.2131045],[120.5328969,30.2131157],[120.5330302,30.2131957],[120.533309,30.2133259],[120.5333992,30.2133669],[120.5335837,30.2134499],[120.5338,30.2135483],[120.5341239,30.213698],[120.534376,30.2138046],[120.5348824,30.2140444],[120.5351223,30.2141469],[120.5355128,30.2143314],[120.5357865,30.2144606],[120.5360017,30.2145426],[120.536341,30.2146912],[120.5365347,30.2147671],[120.5365686,30.2147445],[120.5365952,30.2146943],[120.5366239,30.2146287],[120.5365429,30.2145764]]]}},{"type":"Feature","properties":{"parcelId":"BH-0272","sourceId":"272","sourceName":"评价单元","areaMu":0.7},"geometry":{"type":"Polygon","coordinates":[[[120.5296138,30.211678],[120.5291648,30.2114053],[120.5290008,30.2113038],[120.5288706,30.2112403],[120.5287446,30.2111685],[120.5286113,30.211107],[120.5285539,30.2110916],[120.5285355,30.2110814],[120.5284842,30.2111132],[120.5284504,30.2111193],[120.5284053,30.2111429],[120.5283643,30.2111747],[120.528312,30.2112177],[120.5283612,30.21131],[120.5282259,30.2114484],[120.5281459,30.2113858],[120.5281101,30.2114381],[120.5282249,30.2115468],[120.5281552,30.2116185],[120.5280424,30.2115191],[120.528027,30.2115539],[120.5280137,30.2115898],[120.5280096,30.2116216],[120.5280209,30.21168],[120.5280486,30.2117364],[120.5281234,30.2117866],[120.5283048,30.2119076],[120.5284217,30.2119629],[120.5287138,30.2121269],[120.5288983,30.2122335],[120.5291382,30.2123658],[120.5294938,30.2125677],[120.5296907,30.2126835],[120.530033,30.212866],[120.5302749,30.2130084],[120.530565,30.2131622],[120.5307679,30.2132719],[120.5309576,30.2133795],[120.5312579,30.2135558],[120.5314342,30.2136481],[120.5316823,30.2137823],[120.5320246,30.213974],[120.5321784,30.2140601],[120.5324582,30.2142118],[120.532533,30.2142631],[120.532858,30.2144363],[120.5330732,30.2145644],[120.53335,30.2147151],[120.5334699,30.2147776],[120.5339045,30.2150134],[120.5341054,30.215121],[120.534295,30.2152194],[120.5346302,30.215407],[120.5348649,30.2155484],[120.5352063,30.2157493],[120.5353559,30.2158149],[120.5354748,30.2158877],[120.5355876,30.2159574],[120.5356573,30.2159964],[120.5357219,30.2160302],[120.5357967,30.216062],[120.5358828,30.2160937],[120.5359551,30.216079],[120.53599,30.2160018],[120.5360296,30.2159109],[120.5361554,30.2155679],[120.5362087,30.2154285],[120.5362374,30.2153492],[120.5362538,30.2153004],[120.5362497,30.2152543],[120.5362149,30.2151958],[120.5361206,30.2151425],[120.5357506,30.2149929],[120.535319,30.2147797],[120.5348854,30.2145706],[120.5343986,30.2143348],[120.5340224,30.2141585],[120.5335837,30.2139556],[120.5329533,30.2136614],[120.5325515,30.2134605],[120.5321671,30.2132442],[120.5313953,30.2127727],[120.5310898,30.2125769],[120.5305363,30.2122386],[120.5296138,30.211678]]]}},{"type":"Feature","properties":{"parcelId":"BH-0273","sourceId":"273","sourceName":"评价单元","areaMu":0.7},"geometry":{"type":"Polygon","coordinates":[[[120.552038,30.2156655],[120.5510511,30.2176137],[120.5511782,30.2179622],[120.5515711,30.2190385],[120.5516437,30.2198756],[120.5516095,30.2202557],[120.5515327,30.2208024],[120.5514366,30.2211269],[120.5516458,30.2212316],[120.551633,30.2213853],[120.5528353,30.2218765],[120.5529293,30.2218872],[120.5529506,30.2218615],[120.552972,30.2217804],[120.5530019,30.2215882],[120.5530766,30.2211504],[120.5531321,30.220213],[120.5531343,30.2199589],[120.5528097,30.2185366],[120.5525321,30.2173984],[120.5521776,30.2161492],[120.552038,30.2156655]]]}},{"type":"Feature","properties":{"parcelId":"BH-0274","sourceId":"274","sourceName":"评价单元","areaMu":0.7},"geometry":{"type":"Polygon","coordinates":[[[120.5733663,30.2348486],[120.5702989,30.2331394],[120.5701784,30.2334366],[120.5699939,30.2333751],[120.5694686,30.2343822],[120.5693969,30.2345385],[120.5723976,30.236053],[120.573579,30.2366321],[120.5727974,30.2381517],[120.5726308,30.2384695],[120.5724437,30.2388897],[120.5724386,30.2389333],[120.5735738,30.2395227],[120.5741401,30.2384797],[120.574791,30.2371677],[120.575383,30.2359479],[120.5733663,30.2348486]]]}},{"type":"Feature","properties":{"parcelId":"BH-0275","sourceId":"275","sourceName":"评价单元","areaMu":0.7},"geometry":{"type":"Polygon","coordinates":[[[120.5759231,30.2216597],[120.5760307,30.2214905],[120.5761432,30.2215269],[120.5765214,30.2208689],[120.5763216,30.2206614],[120.5754349,30.2198721],[120.574556,30.2190905],[120.5744611,30.2190931],[120.5743791,30.2191674],[120.574269,30.2193032],[120.5741613,30.2194467],[120.5740998,30.2195031],[120.5740563,30.2195876],[120.5740614,30.2196363],[120.5740716,30.219703],[120.5740178,30.219785],[120.5738615,30.2199157],[120.5735924,30.2201181],[120.5734131,30.2202693],[120.5734259,30.2203154],[120.5735233,30.2203974],[120.5737411,30.2205435],[120.5738718,30.220605],[120.5740178,30.220687],[120.5745226,30.2210124],[120.5750915,30.2213737],[120.5756604,30.2217376],[120.5758629,30.2219042],[120.5759346,30.2219119],[120.5760131,30.2217548],[120.5759231,30.2216597]]]}},{"type":"Feature","properties":{"parcelId":"BH-0276","sourceId":"276","sourceName":"评价单元","areaMu":0.7},"geometry":{"type":"Polygon","coordinates":[[[120.5416519,30.2137732],[120.5420934,30.2128927],[120.542257,30.2119936],[120.5417953,30.2125486],[120.5409651,30.2135651],[120.5403484,30.2143339],[120.5398358,30.2150138],[120.5393951,30.2155502],[120.5392755,30.2156937],[120.5392089,30.2157962],[120.5392085,30.215798],[120.5392323,30.215802],[120.5395705,30.2159353],[120.5396628,30.2160891],[120.5396624,30.2160904],[120.5397183,30.2161205],[120.539803,30.2160808],[120.5400026,30.2158089],[120.5402636,30.2154904],[120.5406135,30.2150572],[120.5409114,30.2146786],[120.5412258,30.2143069],[120.5414991,30.2139652],[120.5416519,30.2137732]]]}},{"type":"Feature","properties":{"parcelId":"BH-0277","sourceId":"277","sourceName":"评价单元","areaMu":1.18},"geometry":{"type":"Polygon","coordinates":[[[120.542257,30.2119936],[120.5420934,30.2128927],[120.5416519,30.2137732],[120.5418025,30.2135839],[120.5421278,30.2131548],[120.542561,30.2126204],[120.5427811,30.2123183],[120.5430872,30.2119575],[120.5433715,30.2117457],[120.5436421,30.2115571],[120.5440371,30.2113111],[120.5447163,30.2108915],[120.5451632,30.2106195],[120.5454735,30.2104391],[120.5458507,30.2102259],[120.5460215,30.2101221],[120.5462238,30.209995],[120.5464725,30.209861],[120.5467226,30.209738],[120.5471422,30.209544],[120.5474948,30.209354],[120.5479321,30.2091285],[120.5482109,30.208974],[120.5484091,30.2088797],[120.548528,30.2088141],[120.5488601,30.2085613],[120.5491485,30.208329],[120.5494929,30.208057],[120.5496938,30.2078998],[120.5499904,30.207662],[120.550343,30.2073777],[120.5505398,30.207226],[120.5507503,30.207062],[120.5509758,30.2069541],[120.5511493,30.2068762],[120.5513543,30.2068502],[120.5517602,30.2068912],[120.5525529,30.2069978],[120.5530777,30.2070484],[120.5533565,30.207103],[120.5535069,30.2071509],[120.5535779,30.2071454],[120.5536449,30.2070279],[120.5537454,30.2068717],[120.5537437,30.2067863],[120.5538069,30.2066496],[120.5538735,30.2066531],[120.5539538,30.2065471],[120.5539948,30.2064566],[120.5539504,30.2064105],[120.5538513,30.2063558],[120.5535318,30.2062653],[120.5530842,30.2061559],[120.5527767,30.2060825],[120.5525683,30.2060363],[120.5523291,30.2060175],[120.5519174,30.2060398],[120.551287,30.206103],[120.5511162,30.2061183],[120.5509197,30.2062106],[120.5505251,30.206472],[120.550332,30.2065847],[120.549881,30.2068957],[120.5492865,30.2073227],[120.5486954,30.2077515],[120.5481573,30.2081359],[120.5477968,30.2083802],[120.5473031,30.2086655],[120.5469085,30.2088996],[120.5462986,30.2092515],[120.5457639,30.2095641],[120.5453966,30.2097947],[120.5445851,30.2103021],[120.5439308,30.2107104],[120.5432867,30.2111153],[120.5430527,30.2112793],[120.542641,30.2116227],[120.5424035,30.2118175],[120.542257,30.2119936]]]}},{"type":"Feature","properties":{"parcelId":"BH-0278","sourceId":"278","sourceName":"评价单元","areaMu":0.7},"geometry":{"type":"Polygon","coordinates":[[[120.5422893,30.2118161],[120.5424645,30.2108526],[120.5422063,30.2110163],[120.5418561,30.2112811],[120.5414781,30.2117509],[120.540972,30.2123446],[120.5406795,30.2127162],[120.5402374,30.2132393],[120.5400047,30.2135105],[120.5398189,30.2137497],[120.5395861,30.2140145],[120.539221,30.2144544],[120.5389775,30.2147598],[120.5385632,30.2152317],[120.5383903,30.2154389],[120.5384095,30.2155072],[120.5384842,30.215567],[120.5386892,30.2156674],[120.5387936,30.2157274],[120.5390982,30.2157792],[120.5391526,30.2156844],[120.5394217,30.2153406],[120.5395477,30.2151783],[120.5397271,30.2149605],[120.5397271,30.2149648],[120.5403933,30.214132],[120.5414013,30.2128806],[120.5421508,30.2119474],[120.5422893,30.2118161]]]}},{"type":"Feature","properties":{"parcelId":"BH-0279","sourceId":"279","sourceName":"评价单元","areaMu":1.04},"geometry":{"type":"Polygon","coordinates":[[[120.5424645,30.2108526],[120.5422893,30.2118161],[120.5424391,30.2116741],[120.5431182,30.2111082],[120.5436157,30.2107985],[120.544472,30.2102646],[120.5452494,30.2097756],[120.5461697,30.2092332],[120.5467442,30.2088702],[120.5475232,30.2084382],[120.5480357,30.2081075],[120.5486981,30.2076081],[120.5493601,30.2071383],[120.5499004,30.2067411],[120.5505965,30.2062863],[120.5510493,30.2060258],[120.5511454,30.205998],[120.5514785,30.2059724],[120.5523006,30.2058742],[120.5525398,30.2058848],[120.5530779,30.2060215],[120.5535477,30.2061432],[120.5540005,30.2062479],[120.5540816,30.2062735],[120.5540474,30.2062265],[120.5541435,30.2060663],[120.5542887,30.2060962],[120.5544745,30.2057268],[120.5547842,30.2051652],[120.5547585,30.2051353],[120.5546518,30.205099],[120.5545151,30.2050819],[120.5541393,30.2051033],[120.5533214,30.2051759],[120.5521875,30.2052954],[120.5513055,30.2053894],[120.5509916,30.2054214],[120.5508293,30.2054898],[120.5505239,30.205667],[120.5496548,30.206218],[120.5489373,30.2066685],[120.548145,30.2071789],[120.5466566,30.2081527],[120.5457362,30.2087592],[120.5448842,30.2093037],[120.5442585,30.2096988],[120.543652,30.2100874],[120.5431459,30.2104077],[120.5427082,30.2106981],[120.5424645,30.2108526]]]}},{"type":"Feature","properties":{"parcelId":"BH-0280","sourceId":"280","sourceName":"评价单元","areaMu":0.7},"geometry":{"type":"Polygon","coordinates":[[[120.5729759,30.2364568],[120.5693525,30.2346605],[120.5693166,30.234722],[120.5694165,30.2348091],[120.569291,30.2349834],[120.5691116,30.2349373],[120.5686708,30.2357957],[120.5688066,30.2358854],[120.5687118,30.2360366],[120.5685939,30.23597],[120.5682716,30.2365832],[120.5693088,30.2371792],[120.570921,30.2380858],[120.5718176,30.2385504],[120.5723301,30.2387734],[120.5734346,30.2366849],[120.5729759,30.2364568]]]}},{"type":"Feature","properties":{"parcelId":"BH-0281","sourceId":"281","sourceName":"评价单元","areaMu":0.7},"geometry":{"type":"Polygon","coordinates":[[[120.5474414,30.2245386],[120.5473081,30.2243781],[120.5465034,30.2234479],[120.5462176,30.2232985],[120.5460868,30.2235572],[120.5458732,30.2239843],[120.5458049,30.2246079],[120.5456597,30.2249581],[120.5456382,30.2249989],[120.5459576,30.225111],[120.5460908,30.2251827],[120.5467415,30.2261408],[120.5467684,30.2260383],[120.5469529,30.2256147],[120.5470896,30.2251568],[120.5473014,30.2247947],[120.5474108,30.2246102],[120.5474414,30.2245386]]]}},{"type":"Feature","properties":{"parcelId":"BH-0282","sourceId":"282","sourceName":"评价单元","areaMu":0.7},"geometry":{"type":"Polygon","coordinates":[[[120.5461988,30.2275519],[120.5458091,30.2269986],[120.5448278,30.2266093],[120.5448226,30.2266238],[120.5446603,30.2269313],[120.5441136,30.2278538],[120.5440794,30.2279215],[120.5452966,30.2284695],[120.5453299,30.2285079],[120.5454815,30.2287172],[120.5457981,30.2282934],[120.5460304,30.2279449],[120.5461671,30.2276305],[120.5461988,30.2275519]]]}},{"type":"Feature","properties":{"parcelId":"BH-0283","sourceId":"283","sourceName":"评价单元","areaMu":0.7},"geometry":{"type":"Polygon","coordinates":[[[120.545593,30.2250848],[120.5455087,30.2250548],[120.5452747,30.2249728],[120.5439592,30.2246226],[120.5437935,30.2244176],[120.5437508,30.2244894],[120.5438311,30.2245919],[120.5437525,30.2247576],[120.5435851,30.2246875],[120.5429411,30.225786],[120.5429274,30.2258356],[120.5429581,30.2258902],[120.5431768,30.2259261],[120.5439165,30.2261824],[120.5447912,30.2264882],[120.544861,30.2265164],[120.5450276,30.2260515],[120.5452668,30.2256671],[120.5454889,30.2252827],[120.545593,30.2250848]]]}},{"type":"Feature","properties":{"parcelId":"BH-0284","sourceId":"284","sourceName":"评价单元","areaMu":0.7},"geometry":{"type":"Polygon","coordinates":[[[120.5461988,30.2275519],[120.5461671,30.2276305],[120.5460304,30.2279449],[120.5457981,30.2282934],[120.5454815,30.2287172],[120.546683,30.230376],[120.5476209,30.2316624],[120.5476439,30.2317162],[120.5476747,30.2317342],[120.5476952,30.2317367],[120.5477439,30.231706],[120.5482718,30.2306323],[120.5482794,30.2305964],[120.5468434,30.2284674],[120.5461988,30.2275519]]]}},{"type":"Feature","properties":{"parcelId":"BH-0285","sourceId":"285","sourceName":"评价单元","areaMu":0.7},"geometry":{"type":"Polygon","coordinates":[[[120.5440383,30.2280029],[120.5435214,30.2277748],[120.5420795,30.2271666],[120.5420505,30.2272571],[120.5421,30.2273186],[120.5420488,30.2274895],[120.5419206,30.2274621],[120.5418215,30.2276347],[120.5413107,30.2284769],[120.5413124,30.2285282],[120.5413552,30.2285794],[120.5417395,30.2287195],[120.5427492,30.2291397],[120.543322,30.2293813],[120.5436609,30.2287507],[120.5440383,30.2280029]]]}},{"type":"Feature","properties":{"parcelId":"BH-0286","sourceId":"286","sourceName":"评价单元","areaMu":0.7},"geometry":{"type":"Polygon","coordinates":[[[120.5454337,30.2287813],[120.5453949,30.2288332],[120.5450532,30.2293047],[120.5446432,30.2298104],[120.5445742,30.2299234],[120.5446352,30.2299683],[120.5447924,30.2301289],[120.5456517,30.2310924],[120.546277,30.2317945],[120.5469381,30.2325462],[120.5471089,30.2327427],[120.5471448,30.2327905],[120.5471636,30.2327888],[120.5472354,30.2327119],[120.5473447,30.2325155],[120.5476009,30.2319876],[120.547659,30.2318629],[120.5476488,30.2318185],[120.5467399,30.2305782],[120.5457303,30.2291944],[120.5454337,30.2287813]]]}},{"type":"Feature","properties":{"parcelId":"BH-0287","sourceId":"287","sourceName":"评价单元","areaMu":0.7},"geometry":{"type":"Polygon","coordinates":[[[120.5432778,30.2294674],[120.5412175,30.2286221],[120.5411833,30.2286605],[120.5412645,30.2287545],[120.541162,30.2289125],[120.5410424,30.228889],[120.5401899,30.2303603],[120.540855,30.2305468],[120.5413948,30.2306971],[120.5421233,30.2309076],[120.5425279,30.2310324],[120.5427896,30.2305017],[120.5432778,30.2294674]]]}},{"type":"Feature","properties":{"parcelId":"BH-0288","sourceId":"288","sourceName":"评价单元","areaMu":0.7},"geometry":{"type":"Polygon","coordinates":[[[120.5454337,30.2287813],[120.545263,30.2285435],[120.5440383,30.2280029],[120.5436609,30.2287507],[120.543322,30.2293813],[120.5435231,30.229466],[120.5443841,30.2298231],[120.5445447,30.2299017],[120.5445742,30.2299234],[120.5446432,30.2298104],[120.5450532,30.2293047],[120.5453949,30.2288332],[120.5454337,30.2287813]]]}},{"type":"Feature","properties":{"parcelId":"BH-0289","sourceId":"289","sourceName":"评价单元","areaMu":0.7},"geometry":{"type":"Polygon","coordinates":[[[120.5432768,30.2063871],[120.5434153,30.2056258],[120.5434072,30.2056322],[120.5425189,30.2063668],[120.5417629,30.2069989],[120.5411202,30.2069861],[120.5409859,30.2072395],[120.5407895,30.2076196],[120.5405674,30.2080509],[120.5404585,30.2082367],[120.5404585,30.2082922],[120.5405119,30.2083243],[120.540561,30.2083264],[120.5406976,30.2083264],[120.5407831,30.20832],[120.5409304,30.208288],[120.5410564,30.2082346],[120.5412571,30.2081449],[120.5414322,30.2080296],[120.541618,30.2078353],[120.5422245,30.2073249],[120.5432768,30.2063871]]]}},{"type":"Feature","properties":{"parcelId":"BH-0290","sourceId":"290","sourceName":"评价单元","areaMu":0.7},"geometry":{"type":"Polygon","coordinates":[[[120.5453501,30.2042949],[120.5451946,30.2043851],[120.5451821,30.2043924],[120.5454307,30.2043634],[120.5453501,30.2042949]]]}},{"type":"Feature","properties":{"parcelId":"BH-0291","sourceId":"291","sourceName":"评价单元","areaMu":0.7},"geometry":{"type":"Polygon","coordinates":[[[120.544935,30.2044213],[120.5436062,30.2045764],[120.5434476,30.2054484],[120.5437241,30.2052252],[120.5440691,30.204957],[120.5444518,30.2046854],[120.5447064,30.2045658],[120.544935,30.2044213]]]}},{"type":"Feature","properties":{"parcelId":"BH-0292","sourceId":"292","sourceName":"评价单元","areaMu":0.7},"geometry":{"type":"Polygon","coordinates":[[[120.5446342,30.2036863],[120.5452628,30.2042207],[120.545851,30.203879],[120.5465394,30.2034912],[120.5472792,30.203071],[120.5480018,30.2026644],[120.5486031,30.2023125],[120.5493377,30.2018649],[120.5498263,30.2015676],[120.550086,30.2014207],[120.5502175,30.2013353],[120.5502671,30.2012379],[120.5502193,30.2011918],[120.5501817,30.2012311],[120.5500416,30.2011388],[120.550057,30.20105],[120.5496965,30.2009031],[120.5496709,30.2009407],[120.5495547,30.2010739],[120.5494334,30.2011781],[120.5490695,30.2014839],[120.5487941,30.2016184],[120.5479014,30.2020669],[120.5471433,30.2024214],[120.5465817,30.2027033],[120.5459389,30.2030129],[120.5455418,30.2032136],[120.545136,30.2034293],[120.5446662,30.2036685],[120.5446342,30.2036863]]]}},{"type":"Feature","properties":{"parcelId":"BH-0293","sourceId":"293","sourceName":"评价单元","areaMu":0.7},"geometry":{"type":"Polygon","coordinates":[[[120.5853982,30.2318356],[120.5852219,30.2313637],[120.5845578,30.2296148],[120.5839407,30.2282182],[120.5836823,30.2276438],[120.583599,30.2274943],[120.5834965,30.2273171],[120.5833726,30.2271462],[120.5831634,30.2269156],[120.5829776,30.2267362],[120.5828665,30.2266337],[120.5827918,30.2265931],[120.5827427,30.2265867],[120.5827085,30.2265867],[120.5826081,30.2267512],[120.5827256,30.2268985],[120.5826594,30.2270394],[120.5824886,30.2269989],[120.5823263,30.227285],[120.5822366,30.2274601],[120.582228,30.2275221],[120.5823839,30.2276182],[120.58248,30.2278466],[120.5828537,30.2285663],[120.5832936,30.2294632],[120.5837463,30.2303708],[120.5843806,30.2315944],[120.585034,30.2327881],[120.5853031,30.2333049],[120.5854013,30.2335483],[120.5854196,30.2336273],[120.5853982,30.2318356]]]}}]}